Departure Date,Arrival Date,Departure Time,Arrival Time,Duration,Type of Flight,Price,Airline,Departure Airport,Arrival Airport,Departure City,Arrival City
1/8/20,1/8/20,12:20:00,13:50:00,2H30M,direct,180.2,THAI LION AIR,SIN,DMK,SIN,BKK
1/8/20,1/8/20,20:30:00,22:00:00,2H30M,direct,180.2,THAI LION AIR,SIN,DMK,SIN,BKK
1/8/20,1/8/20,22:20:00,23:45:00,2H25M,direct,261.4,SCOOT,SIN,DMK,SIN,BKK
1/8/20,1/8/20,06:30:00,08:00:00,2H30M,direct,301.4,SCOOT,SIN,BKK,SIN,BKK
1/8/20,1/8/20,08:20:00,09:50:00,2H30M,direct,301.4,SCOOT,SIN,BKK,SIN,BKK
1/8/20,1/8/20,01:10:00,06:00:00,4H50M,direct,452.2,JETSTAR ASIA,SIN,TPE,SIN,TPE
1/8/20,1/8/20,07:00:00,11:50:00,4H50M,direct,452.2,JETSTAR ASIA,SIN,TPE,SIN,TPE
1/8/20,1/8/20,02:00:00,06:55:00,4H55M,direct,544,CHINA AIRLINES LTD.,SIN,TPE,SIN,TPE
1/8/20,1/8/20,13:25:00,18:20:00,4H55M,direct,544,CHINA AIRLINES LTD.,SIN,TPE,SIN,TPE
1/8/20,1/8/20,00:50:00,05:40:00,4H50M,direct,626.8,SCOOT,SIN,TPE,SIN,TPE
1/8/20,1/8/20,06:10:00,14:20:00,7H10M,direct,1921,ALL NIPPON AIRWAYS,SIN,NRT,SIN,TYO
1/8/20,1/8/20,11:00:00,19:10:00,7H10M,direct,1956,ALL NIPPON AIRWAYS,SIN,HND,SIN,TYO
1/8/20,2/8/20,22:10:00,06:30:00,7H20M,direct,1956,ALL NIPPON AIRWAYS,SIN,HND,SIN,TYO
1/8/20,2/8/20,23:00:00,07:00:00,7H,direct,2303.4,JAPAN AIRLINES,SIN,HND,SIN,TYO
1/8/20,1/8/20,01:50:00,09:50:00,7H,direct,2338.4,JAPAN AIRLINES,SIN,HND,SIN,TYO
1/8/20,1/8/20,02:45:00,10:15:00,6H30M,direct,1169.4,ASIANA AIRLINES,SIN,ICN,SIN,ICN
1/8/20,2/8/20,22:40:00,06:10:00,6H30M,direct,1169.4,ASIANA AIRLINES,SIN,ICN,SIN,ICN
1/8/20,1/8/20,01:10:00,08:25:00,6H15M,direct,1536.4,KOREAN AIR,SIN,ICN,SIN,ICN
1/8/20,2/8/20,22:35:00,06:00:00,6H25M,direct,1536.4,KOREAN AIR,SIN,ICN,SIN,ICN
1/8/20,1/8/20,02:25:00,09:50:00,6H25M,direct,1746.4,ASIANA AIRLINES,SIN,ICN,SIN,ICN
10/8/20,10/8/20,07:40:00,11:20:00,2H40M,direct,172.2,THAI LION AIR,DMK,SIN,BKK,SIN
10/8/20,10/8/20,15:50:00,19:30:00,2H40M,direct,226.2,THAI LION AIR,DMK,SIN,BKK,SIN
10/8/20,10/8/20,09:25:00,12:50:00,2H25M,direct,322.8,JETSTAR ASIA,BKK,SIN,BKK,SIN
10/8/20,10/8/20,12:50:00,16:15:00,2H25M,direct,322.8,JETSTAR ASIA,BKK,SIN,BKK,SIN
10/8/20,10/8/20,19:00:00,22:25:00,2H25M,direct,322.8,JETSTAR ASIA,BKK,SIN,BKK,SIN
2/8/20,2/8/20,03:10:00,08:00:00,3H50M,direct,338.4,THAI LION AIR,DMK,TPE,BKK,TPE
2/8/20,3/8/20,19:30:00,00:20:00,3H50M,direct,338.4,THAI LION AIR,DMK,TPE,BKK,TPE
2/8/20,2/8/20,03:45:00,08:30:00,3H45M,direct,463.8,NOKSCOOT AIRLINES,DMK,TPE,BKK,TPE
2/8/20,2/8/20,08:35:00,13:15:00,3H40M,direct,525.2,CHINA AIRLINES LTD.,BKK,TPE,BKK,TPE
2/8/20,2/8/20,11:00:00,15:40:00,3H40M,direct,525.2,CHINA AIRLINES LTD.,BKK,TPE,BKK,TPE
3/8/20,3/8/20,03:10:00,08:00:00,3H50M,direct,338.4,THAI LION AIR,DMK,TPE,BKK,TPE
3/8/20,4/8/20,19:30:00,00:20:00,3H50M,direct,338.4,THAI LION AIR,DMK,TPE,BKK,TPE
3/8/20,3/8/20,08:35:00,13:15:00,3H40M,direct,525.2,CHINA AIRLINES LTD.,BKK,TPE,BKK,TPE
3/8/20,3/8/20,11:00:00,15:40:00,3H40M,direct,525.2,CHINA AIRLINES LTD.,BKK,TPE,BKK,TPE
3/8/20,3/8/20,13:20:00,18:00:00,3H40M,direct,525.2,CHINA AIRLINES LTD.,BKK,TPE,BKK,TPE
4/8/20,5/8/20,19:30:00,00:20:00,3H50M,direct,268.4,THAI LION AIR,DMK,TPE,BKK,TPE
4/8/20,4/8/20,03:10:00,08:00:00,3H50M,direct,338.4,THAI LION AIR,DMK,TPE,BKK,TPE
4/8/20,4/8/20,03:45:00,08:30:00,3H45M,direct,429.8,NOKSCOOT AIRLINES,DMK,TPE,BKK,TPE
4/8/20,4/8/20,03:45:00,08:30:00,3H45M,direct,514.4,HAHN AIR SYSTEMS,DMK,TPE,BKK,TPE
4/8/20,4/8/20,08:35:00,13:15:00,3H40M,direct,525.2,CHINA AIRLINES LTD.,BKK,TPE,BKK,TPE
5/8/20,5/8/20,03:10:00,08:00:00,3H50M,direct,338.4,THAI LION AIR,DMK,TPE,BKK,TPE
5/8/20,6/8/20,19:30:00,00:20:00,3H50M,direct,338.4,THAI LION AIR,DMK,TPE,BKK,TPE
5/8/20,5/8/20,03:45:00,08:30:00,3H45M,direct,463.8,NOKSCOOT AIRLINES,DMK,TPE,BKK,TPE
5/8/20,5/8/20,08:35:00,13:15:00,3H40M,direct,525.2,CHINA AIRLINES LTD.,BKK,TPE,BKK,TPE
5/8/20,5/8/20,11:00:00,15:40:00,3H40M,direct,525.2,CHINA AIRLINES LTD.,BKK,TPE,BKK,TPE
6/8/20,7/8/20,19:30:00,00:20:00,3H50M,direct,268.4,THAI LION AIR,DMK,TPE,BKK,TPE
6/8/20,6/8/20,03:10:00,08:00:00,3H50M,direct,338.4,THAI LION AIR,DMK,TPE,BKK,TPE
6/8/20,6/8/20,08:35:00,13:15:00,3H40M,direct,525.2,CHINA AIRLINES LTD.,BKK,TPE,BKK,TPE
6/8/20,6/8/20,11:00:00,15:40:00,3H40M,direct,525.2,CHINA AIRLINES LTD.,BKK,TPE,BKK,TPE
6/8/20,6/8/20,13:20:00,18:00:00,3H40M,direct,525.2,CHINA AIRLINES LTD.,BKK,TPE,BKK,TPE
7/8/20,7/8/20,03:10:00,08:00:00,3H50M,direct,338.4,THAI LION AIR,DMK,TPE,BKK,TPE
7/8/20,8/8/20,19:30:00,00:20:00,3H50M,direct,338.4,THAI LION AIR,DMK,TPE,BKK,TPE
7/8/20,7/8/20,08:35:00,13:15:00,3H40M,direct,525.2,CHINA AIRLINES LTD.,BKK,TPE,BKK,TPE
7/8/20,7/8/20,11:00:00,15:40:00,3H40M,direct,525.2,CHINA AIRLINES LTD.,BKK,TPE,BKK,TPE
7/8/20,7/8/20,13:20:00,18:00:00,3H40M,direct,525.2,CHINA AIRLINES LTD.,BKK,TPE,BKK,TPE
8/8/20,8/8/20,03:10:00,08:00:00,3H50M,direct,338.4,THAI LION AIR,DMK,TPE,BKK,TPE
8/8/20,9/8/20,19:30:00,00:20:00,3H50M,direct,338.4,THAI LION AIR,DMK,TPE,BKK,TPE
8/8/20,8/8/20,03:45:00,08:30:00,3H45M,direct,499.8,NOKSCOOT AIRLINES,DMK,TPE,BKK,TPE
8/8/20,8/8/20,08:35:00,13:15:00,3H40M,direct,525.2,CHINA AIRLINES LTD.,BKK,TPE,BKK,TPE
8/8/20,8/8/20,11:00:00,15:40:00,3H40M,direct,525.2,CHINA AIRLINES LTD.,BKK,TPE,BKK,TPE
9/8/20,9/8/20,03:10:00,08:00:00,3H50M,direct,338.4,THAI LION AIR,DMK,TPE,BKK,TPE
9/8/20,10/8/20,19:30:00,00:20:00,3H50M,direct,338.4,THAI LION AIR,DMK,TPE,BKK,TPE
9/8/20,9/8/20,03:45:00,08:30:00,3H45M,direct,499.8,NOKSCOOT AIRLINES,DMK,TPE,BKK,TPE
9/8/20,9/8/20,08:35:00,13:15:00,3H40M,direct,525.2,CHINA AIRLINES LTD.,BKK,TPE,BKK,TPE
9/8/20,9/8/20,11:00:00,15:40:00,3H40M,direct,525.2,CHINA AIRLINES LTD.,BKK,TPE,BKK,TPE
2/8/20,2/8/20,00:45:00,09:05:00,6H20M,direct,499.4,SCOOT,DMK,NRT,BKK,TYO
2/8/20,2/8/20,00:55:00,09:10:00,6H15M,direct,555.8,THAI LION AIR,DMK,NRT,BKK,TYO
2/8/20,2/8/20,02:20:00,10:25:00,6H5M,direct,881.4,NOKSCOOT AIRLINES,DMK,NRT,BKK,TYO
2/8/20,2/8/20,07:35:00,15:45:00,6H10M,direct,965.2,THAI AIRWAYS INTERNATIONAL,BKK,NRT,BKK,TYO
2/8/20,2/8/20,13:00:00,21:10:00,6H10M,direct,965.2,THAI AIRWAYS INTERNATIONAL,BKK,HND,BKK,TYO
3/8/20,3/8/20,00:45:00,09:05:00,6H20M,direct,499.4,SCOOT,DMK,NRT,BKK,TYO
3/8/20,3/8/20,02:20:00,10:25:00,6H5M,direct,525.4,NOKSCOOT AIRLINES,DMK,NRT,BKK,TYO
3/8/20,3/8/20,00:55:00,09:10:00,6H15M,direct,555.8,THAI LION AIR,DMK,NRT,BKK,TYO
3/8/20,3/8/20,02:20:00,10:25:00,6H5M,direct,622,HAHN AIR SYSTEMS,DMK,NRT,BKK,TYO
3/8/20,3/8/20,07:35:00,15:45:00,6H10M,direct,965.2,THAI AIRWAYS INTERNATIONAL,BKK,NRT,BKK,TYO
4/8/20,4/8/20,00:45:00,09:05:00,6H20M,direct,499.4,SCOOT,DMK,NRT,BKK,TYO
4/8/20,4/8/20,02:20:00,10:25:00,6H5M,direct,525.4,NOKSCOOT AIRLINES,DMK,NRT,BKK,TYO
4/8/20,4/8/20,00:55:00,09:10:00,6H15M,direct,555.8,THAI LION AIR,DMK,NRT,BKK,TYO
4/8/20,4/8/20,02:20:00,10:25:00,6H5M,direct,622,HAHN AIR SYSTEMS,DMK,NRT,BKK,TYO
4/8/20,4/8/20,07:35:00,15:45:00,6H10M,direct,965.2,THAI AIRWAYS INTERNATIONAL,BKK,NRT,BKK,TYO
5/8/20,5/8/20,00:45:00,09:05:00,6H20M,direct,499.4,SCOOT,DMK,NRT,BKK,TYO
5/8/20,5/8/20,02:20:00,10:25:00,6H5M,direct,525.4,NOKSCOOT AIRLINES,DMK,NRT,BKK,TYO
5/8/20,5/8/20,00:55:00,09:10:00,6H15M,direct,555.8,THAI LION AIR,DMK,NRT,BKK,TYO
5/8/20,5/8/20,02:20:00,10:25:00,6H5M,direct,622,HAHN AIR SYSTEMS,DMK,NRT,BKK,TYO
5/8/20,5/8/20,07:35:00,15:45:00,6H10M,direct,965.2,THAI AIRWAYS INTERNATIONAL,BKK,NRT,BKK,TYO
6/8/20,6/8/20,00:55:00,09:10:00,6H15M,direct,389.8,THAI LION AIR,DMK,NRT,BKK,TYO
6/8/20,6/8/20,00:45:00,09:05:00,6H20M,direct,499.4,SCOOT,DMK,NRT,BKK,TYO
6/8/20,6/8/20,02:20:00,10:25:00,6H5M,direct,525.4,NOKSCOOT AIRLINES,DMK,NRT,BKK,TYO
6/8/20,6/8/20,02:20:00,10:25:00,6H5M,direct,622,HAHN AIR SYSTEMS,DMK,NRT,BKK,TYO
6/8/20,6/8/20,07:35:00,15:45:00,6H10M,direct,965.2,THAI AIRWAYS INTERNATIONAL,BKK,NRT,BKK,TYO
7/8/20,7/8/20,00:45:00,09:05:00,6H20M,direct,499.4,SCOOT,DMK,NRT,BKK,TYO
7/8/20,7/8/20,00:55:00,09:10:00,6H15M,direct,555.8,THAI LION AIR,DMK,NRT,BKK,TYO
7/8/20,7/8/20,02:20:00,10:25:00,6H5M,direct,663.4,NOKSCOOT AIRLINES,DMK,NRT,BKK,TYO
7/8/20,7/8/20,02:20:00,10:25:00,6H5M,direct,770,HAHN AIR SYSTEMS,DMK,NRT,BKK,TYO
7/8/20,7/8/20,07:35:00,15:45:00,6H10M,direct,965.2,THAI AIRWAYS INTERNATIONAL,BKK,NRT,BKK,TYO
8/8/20,8/8/20,00:45:00,09:05:00,6H20M,direct,499.4,SCOOT,DMK,NRT,BKK,TYO
8/8/20,8/8/20,00:55:00,09:10:00,6H15M,direct,555.8,THAI LION AIR,DMK,NRT,BKK,TYO
8/8/20,8/8/20,02:20:00,10:25:00,6H5M,direct,663.4,NOKSCOOT AIRLINES,DMK,NRT,BKK,TYO
8/8/20,8/8/20,02:20:00,10:25:00,6H5M,direct,770,HAHN AIR SYSTEMS,DMK,NRT,BKK,TYO
8/8/20,8/8/20,07:35:00,15:45:00,6H10M,direct,965.2,THAI AIRWAYS INTERNATIONAL,BKK,NRT,BKK,TYO
9/8/20,9/8/20,00:55:00,09:10:00,6H15M,direct,555.8,THAI LION AIR,DMK,NRT,BKK,TYO
9/8/20,9/8/20,02:20:00,10:25:00,6H5M,direct,663.4,NOKSCOOT AIRLINES,DMK,NRT,BKK,TYO
9/8/20,9/8/20,02:20:00,10:25:00,6H5M,direct,770,HAHN AIR SYSTEMS,DMK,NRT,BKK,TYO
9/8/20,9/8/20,07:35:00,15:45:00,6H10M,direct,965.2,THAI AIRWAYS INTERNATIONAL,BKK,NRT,BKK,TYO
9/8/20,9/8/20,13:00:00,21:10:00,6H10M,direct,965.2,THAI AIRWAYS INTERNATIONAL,BKK,HND,BKK,TYO
2/8/20,3/8/20,22:20:00,06:00:00,5H40M,direct,690.6,EASTAR JET,BKK,ICN,BKK,ICN
2/8/20,2/8/20,01:00:00,08:40:00,5H40M,direct,753,HAHN AIR SYSTEMS,BKK,ICN,BKK,ICN
2/8/20,2/8/20,01:00:00,09:15:00,6H15M,direct,914.8,ASIANA AIRLINES,BKK,ICN,BKK,ICN
2/8/20,3/8/20,22:35:00,06:00:00,5H25M,direct,919.2,THAI AIRWAYS INTERNATIONAL,BKK,ICN,BKK,ICN
2/8/20,3/8/20,23:30:00,06:55:00,5H25M,direct,919.2,THAI AIRWAYS INTERNATIONAL,BKK,ICN,BKK,ICN
3/8/20,4/8/20,22:20:00,06:00:00,5H40M,direct,690.6,EASTAR JET,BKK,ICN,BKK,ICN
3/8/20,3/8/20,01:00:00,08:40:00,5H40M,direct,753,HAHN AIR SYSTEMS,BKK,ICN,BKK,ICN
3/8/20,3/8/20,01:00:00,09:15:00,6H15M,direct,914.8,ASIANA AIRLINES,BKK,ICN,BKK,ICN
3/8/20,4/8/20,22:35:00,06:00:00,5H25M,direct,919.2,THAI AIRWAYS INTERNATIONAL,BKK,ICN,BKK,ICN
3/8/20,4/8/20,23:30:00,06:55:00,5H25M,direct,919.2,THAI AIRWAYS INTERNATIONAL,BKK,ICN,BKK,ICN
4/8/20,4/8/20,01:00:00,08:40:00,5H40M,direct,585,HAHN AIR SYSTEMS,BKK,ICN,BKK,ICN
4/8/20,5/8/20,22:20:00,06:00:00,5H40M,direct,690.6,EASTAR JET,BKK,ICN,BKK,ICN
4/8/20,4/8/20,01:00:00,09:15:00,6H15M,direct,914.8,ASIANA AIRLINES,BKK,ICN,BKK,ICN
4/8/20,5/8/20,23:30:00,06:55:00,5H25M,direct,919.2,THAI AIRWAYS INTERNATIONAL,BKK,ICN,BKK,ICN
4/8/20,4/8/20,01:20:00,08:50:00,5H30M,direct,963.4,HAHN AIR SYSTEMS,BKK,ICN,BKK,ICN
5/8/20,5/8/20,01:00:00,08:40:00,5H40M,direct,585,HAHN AIR SYSTEMS,BKK,ICN,BKK,ICN
5/8/20,6/8/20,22:20:00,06:00:00,5H40M,direct,690.6,EASTAR JET,BKK,ICN,BKK,ICN
5/8/20,5/8/20,01:20:00,08:50:00,5H30M,direct,849.4,HAHN AIR SYSTEMS,BKK,ICN,BKK,ICN
5/8/20,5/8/20,01:00:00,09:15:00,6H15M,direct,914.8,ASIANA AIRLINES,BKK,ICN,BKK,ICN
5/8/20,6/8/20,22:35:00,06:00:00,5H25M,direct,919.2,THAI AIRWAYS INTERNATIONAL,BKK,ICN,BKK,ICN
6/8/20,6/8/20,01:00:00,08:40:00,5H40M,direct,585,HAHN AIR SYSTEMS,BKK,ICN,BKK,ICN
6/8/20,7/8/20,22:20:00,06:00:00,5H40M,direct,690.6,EASTAR JET,BKK,ICN,BKK,ICN
6/8/20,6/8/20,01:20:00,08:50:00,5H30M,direct,849.4,HAHN AIR SYSTEMS,BKK,ICN,BKK,ICN
6/8/20,6/8/20,01:00:00,09:15:00,6H15M,direct,914.8,ASIANA AIRLINES,BKK,ICN,BKK,ICN
6/8/20,7/8/20,23:30:00,06:55:00,5H25M,direct,919.2,THAI AIRWAYS INTERNATIONAL,BKK,ICN,BKK,ICN
7/8/20,7/8/20,01:00:00,08:40:00,5H40M,direct,585,HAHN AIR SYSTEMS,BKK,ICN,BKK,ICN
7/8/20,7/8/20,01:20:00,08:50:00,5H30M,direct,849.4,HAHN AIR SYSTEMS,BKK,ICN,BKK,ICN
7/8/20,7/8/20,01:00:00,09:15:00,6H15M,direct,914.8,ASIANA AIRLINES,BKK,ICN,BKK,ICN
7/8/20,8/8/20,22:35:00,06:00:00,5H25M,direct,919.2,THAI AIRWAYS INTERNATIONAL,BKK,ICN,BKK,ICN
7/8/20,8/8/20,23:30:00,06:55:00,5H25M,direct,919.2,THAI AIRWAYS INTERNATIONAL,BKK,ICN,BKK,ICN
8/8/20,8/8/20,01:00:00,08:40:00,5H40M,direct,669,HAHN AIR SYSTEMS,BKK,ICN,BKK,ICN
8/8/20,9/8/20,22:20:00,06:00:00,5H40M,direct,767.6,EASTAR JET,BKK,ICN,BKK,ICN
8/8/20,8/8/20,01:00:00,09:15:00,6H15M,direct,914.8,ASIANA AIRLINES,BKK,ICN,BKK,ICN
8/8/20,9/8/20,22:35:00,06:00:00,5H25M,direct,919.2,THAI AIRWAYS INTERNATIONAL,BKK,ICN,BKK,ICN
8/8/20,9/8/20,23:30:00,06:55:00,5H25M,direct,919.2,THAI AIRWAYS INTERNATIONAL,BKK,ICN,BKK,ICN
9/8/20,10/8/20,22:20:00,06:00:00,5H40M,direct,690.6,EASTAR JET,BKK,ICN,BKK,ICN
9/8/20,9/8/20,01:00:00,08:40:00,5H40M,direct,707,HAHN AIR SYSTEMS,BKK,ICN,BKK,ICN
9/8/20,9/8/20,12:30:00,20:50:00,6H20M,direct,753,HAHN AIR SYSTEMS,BKK,ICN,BKK,ICN
9/8/20,9/8/20,01:00:00,09:15:00,6H15M,direct,914.8,ASIANA AIRLINES,BKK,ICN,BKK,ICN
9/8/20,10/8/20,22:35:00,06:00:00,5H25M,direct,919.2,THAI AIRWAYS INTERNATIONAL,BKK,ICN,BKK,ICN
10/8/20,10/8/20,07:50:00,12:25:00,4H35M,direct,459.6,CHINA AIRLINES LTD.,TPE,SIN,TPE,SIN
10/8/20,11/8/20,19:35:00,00:10:00,4H35M,direct,459.6,CHINA AIRLINES LTD.,TPE,SIN,TPE,SIN
10/8/20,10/8/20,07:40:00,12:00:00,4H20M,direct,474.6,EVA AIR,TPE,SIN,TPE,SIN
10/8/20,10/8/20,09:25:00,13:50:00,4H25M,direct,474.6,EVA AIR,TPE,SIN,TPE,SIN
10/8/20,10/8/20,01:30:00,06:00:00,4H30M,direct,763.2,SCOOT,TPE,SIN,TPE,SIN
2/8/20,2/8/20,01:45:00,04:35:00,3H50M,direct,342.8,THAI LION AIR,TPE,DMK,TPE,BKK
2/8/20,2/8/20,10:40:00,13:30:00,3H50M,direct,342.8,THAI LION AIR,TPE,DMK,TPE,BKK
2/8/20,3/8/20,22:40:00,01:25:00,3H45M,direct,365.2,CHINA AIRLINES LTD.,TPE,BKK,TPE,BKK
2/8/20,2/8/20,20:45:00,23:30:00,3H45M,direct,390.2,EVA AIR,TPE,BKK,TPE,BKK
2/8/20,2/8/20,13:35:00,16:20:00,3H45M,direct,439.2,CHINA AIRLINES LTD.,TPE,BKK,TPE,BKK
3/8/20,3/8/20,01:45:00,04:35:00,3H50M,direct,342.8,THAI LION AIR,TPE,DMK,TPE,BKK
3/8/20,3/8/20,10:40:00,13:30:00,3H50M,direct,342.8,THAI LION AIR,TPE,DMK,TPE,BKK
3/8/20,4/8/20,22:40:00,01:25:00,3H45M,direct,365.2,CHINA AIRLINES LTD.,TPE,BKK,TPE,BKK
3/8/20,4/8/20,22:30:00,01:10:00,3H40M,direct,390.2,EVA AIR,TPE,BKK,TPE,BKK
3/8/20,3/8/20,20:45:00,23:30:00,3H45M,direct,390.2,EVA AIR,TPE,BKK,TPE,BKK
4/8/20,4/8/20,01:45:00,04:35:00,3H50M,direct,342.8,THAI LION AIR,TPE,DMK,TPE,BKK
4/8/20,4/8/20,10:40:00,13:30:00,3H50M,direct,342.8,THAI LION AIR,TPE,DMK,TPE,BKK
4/8/20,5/8/20,22:40:00,01:25:00,3H45M,direct,365.2,CHINA AIRLINES LTD.,TPE,BKK,TPE,BKK
4/8/20,5/8/20,22:30:00,01:10:00,3H40M,direct,390.2,EVA AIR,TPE,BKK,TPE,BKK
4/8/20,4/8/20,20:45:00,23:30:00,3H45M,direct,390.2,EVA AIR,TPE,BKK,TPE,BKK
5/8/20,5/8/20,01:45:00,04:35:00,3H50M,direct,266.8,THAI LION AIR,TPE,DMK,TPE,BKK
5/8/20,5/8/20,10:40:00,13:30:00,3H50M,direct,342.8,THAI LION AIR,TPE,DMK,TPE,BKK
5/8/20,6/8/20,22:40:00,01:25:00,3H45M,direct,365.2,CHINA AIRLINES LTD.,TPE,BKK,TPE,BKK
5/8/20,5/8/20,20:45:00,23:30:00,3H45M,direct,390.2,EVA AIR,TPE,BKK,TPE,BKK
5/8/20,5/8/20,13:35:00,16:20:00,3H45M,direct,439.2,CHINA AIRLINES LTD.,TPE,BKK,TPE,BKK
6/8/20,6/8/20,01:45:00,04:35:00,3H50M,direct,342.8,THAI LION AIR,TPE,DMK,TPE,BKK
6/8/20,6/8/20,10:40:00,13:30:00,3H50M,direct,342.8,THAI LION AIR,TPE,DMK,TPE,BKK
6/8/20,7/8/20,22:40:00,01:25:00,3H45M,direct,365.2,CHINA AIRLINES LTD.,TPE,BKK,TPE,BKK
6/8/20,7/8/20,22:30:00,01:10:00,3H40M,direct,390.2,EVA AIR,TPE,BKK,TPE,BKK
6/8/20,6/8/20,20:45:00,23:30:00,3H45M,direct,390.2,EVA AIR,TPE,BKK,TPE,BKK
7/8/20,7/8/20,01:45:00,04:35:00,3H50M,direct,266.8,THAI LION AIR,TPE,DMK,TPE,BKK
7/8/20,7/8/20,10:40:00,13:30:00,3H50M,direct,342.8,THAI LION AIR,TPE,DMK,TPE,BKK
7/8/20,8/8/20,22:40:00,01:25:00,3H45M,direct,365.2,CHINA AIRLINES LTD.,TPE,BKK,TPE,BKK
7/8/20,7/8/20,20:45:00,23:30:00,3H45M,direct,390.2,EVA AIR,TPE,BKK,TPE,BKK
7/8/20,7/8/20,13:35:00,16:20:00,3H45M,direct,439.2,CHINA AIRLINES LTD.,TPE,BKK,TPE,BKK
8/8/20,8/8/20,01:45:00,04:35:00,3H50M,direct,342.8,THAI LION AIR,TPE,DMK,TPE,BKK
8/8/20,8/8/20,10:40:00,13:30:00,3H50M,direct,342.8,THAI LION AIR,TPE,DMK,TPE,BKK
8/8/20,9/8/20,22:40:00,01:25:00,3H45M,direct,365.2,CHINA AIRLINES LTD.,TPE,BKK,TPE,BKK
8/8/20,9/8/20,22:30:00,01:10:00,3H40M,direct,390.2,EVA AIR,TPE,BKK,TPE,BKK
8/8/20,8/8/20,20:45:00,23:30:00,3H45M,direct,390.2,EVA AIR,TPE,BKK,TPE,BKK
9/8/20,9/8/20,01:45:00,04:35:00,3H50M,direct,342.8,THAI LION AIR,TPE,DMK,TPE,BKK
9/8/20,9/8/20,10:40:00,13:30:00,3H50M,direct,342.8,THAI LION AIR,TPE,DMK,TPE,BKK
9/8/20,10/8/20,22:40:00,01:25:00,3H45M,direct,365.2,CHINA AIRLINES LTD.,TPE,BKK,TPE,BKK
9/8/20,9/8/20,20:45:00,23:30:00,3H45M,direct,390.2,EVA AIR,TPE,BKK,TPE,BKK
9/8/20,9/8/20,13:35:00,16:20:00,3H45M,direct,439.2,CHINA AIRLINES LTD.,TPE,BKK,TPE,BKK
2/8/20,2/8/20,06:40:00,11:05:00,3H25M,direct,425.2,SCOOT,TPE,NRT,TPE,TYO
2/8/20,2/8/20,12:40:00,16:55:00,3H15M,direct,658.6,CHINA AIRLINES LTD.,TPE,NRT,TPE,TYO
2/8/20,2/8/20,18:05:00,22:05:00,3H,direct,698.6,CHINA AIRLINES LTD.,TSA,HND,TPE,TYO
2/8/20,2/8/20,16:20:00,20:35:00,3H15M,direct,703.6,CHINA AIRLINES LTD.,TPE,NRT,TPE,TYO
2/8/20,2/8/20,09:00:00,13:10:00,3H10M,direct,747.6,CHINA AIRLINES LTD.,TSA,HND,TPE,TYO
3/8/20,3/8/20,06:40:00,11:05:00,3H25M,direct,425.2,SCOOT,TPE,NRT,TPE,TYO
3/8/20,3/8/20,15:00:00,19:25:00,3H25M,direct,463.2,SCOOT,TPE,NRT,TPE,TYO
3/8/20,3/8/20,12:40:00,16:55:00,3H15M,direct,658.6,CHINA AIRLINES LTD.,TPE,NRT,TPE,TYO
3/8/20,3/8/20,14:30:00,18:55:00,3H25M,direct,703.6,CHINA AIRLINES LTD.,TPE,NRT,TPE,TYO
3/8/20,3/8/20,08:50:00,13:15:00,3H25M,direct,707.6,CHINA AIRLINES LTD.,TPE,NRT,TPE,TYO
4/8/20,4/8/20,06:40:00,11:05:00,3H25M,direct,425.2,SCOOT,TPE,NRT,TPE,TYO
4/8/20,4/8/20,15:00:00,19:25:00,3H25M,direct,463.2,SCOOT,TPE,NRT,TPE,TYO
4/8/20,4/8/20,12:40:00,16:55:00,3H15M,direct,658.6,CHINA AIRLINES LTD.,TPE,NRT,TPE,TYO
4/8/20,4/8/20,16:20:00,20:35:00,3H15M,direct,658.6,CHINA AIRLINES LTD.,TPE,NRT,TPE,TYO
4/8/20,4/8/20,14:30:00,18:55:00,3H25M,direct,658.6,CHINA AIRLINES LTD.,TPE,NRT,TPE,TYO
5/8/20,5/8/20,06:40:00,11:05:00,3H25M,direct,425.2,SCOOT,TPE,NRT,TPE,TYO
5/8/20,5/8/20,12:40:00,16:55:00,3H15M,direct,484.6,CHINA AIRLINES LTD.,TPE,NRT,TPE,TYO
5/8/20,5/8/20,08:40:00,13:00:00,3H20M,direct,518,ALL NIPPON AIRWAYS,TPE,NRT,TPE,TYO
5/8/20,5/8/20,08:50:00,13:15:00,3H25M,direct,523.6,CHINA AIRLINES LTD.,TPE,NRT,TPE,TYO
5/8/20,5/8/20,15:20:00,19:40:00,3H20M,direct,549.6,EVA AIR,TPE,NRT,TPE,TYO
6/8/20,6/8/20,06:40:00,11:05:00,3H25M,direct,425.2,SCOOT,TPE,NRT,TPE,TYO
6/8/20,6/8/20,15:00:00,19:25:00,3H25M,direct,463.2,SCOOT,TPE,NRT,TPE,TYO
6/8/20,6/8/20,12:40:00,16:55:00,3H15M,direct,484.6,CHINA AIRLINES LTD.,TPE,NRT,TPE,TYO
6/8/20,6/8/20,14:30:00,18:55:00,3H25M,direct,484.6,CHINA AIRLINES LTD.,TPE,NRT,TPE,TYO
6/8/20,6/8/20,08:40:00,13:00:00,3H20M,direct,518,ALL NIPPON AIRWAYS,TPE,NRT,TPE,TYO
7/8/20,7/8/20,06:40:00,11:05:00,3H25M,direct,425.2,SCOOT,TPE,NRT,TPE,TYO
7/8/20,7/8/20,15:00:00,19:30:00,3H30M,direct,463.2,SCOOT,TPE,NRT,TPE,TYO
7/8/20,7/8/20,12:40:00,16:55:00,3H15M,direct,484.6,CHINA AIRLINES LTD.,TPE,NRT,TPE,TYO
7/8/20,7/8/20,14:30:00,18:55:00,3H25M,direct,509.6,CHINA AIRLINES LTD.,TPE,NRT,TPE,TYO
7/8/20,7/8/20,08:40:00,13:00:00,3H20M,direct,518,ALL NIPPON AIRWAYS,TPE,NRT,TPE,TYO
8/8/20,8/8/20,06:40:00,11:05:00,3H25M,direct,425.2,SCOOT,TPE,NRT,TPE,TYO
8/8/20,8/8/20,12:40:00,16:55:00,3H15M,direct,509.6,CHINA AIRLINES LTD.,TPE,NRT,TPE,TYO
8/8/20,8/8/20,08:40:00,13:00:00,3H20M,direct,518,ALL NIPPON AIRWAYS,TPE,NRT,TPE,TYO
8/8/20,8/8/20,15:20:00,19:40:00,3H20M,direct,549.6,EVA AIR,TPE,NRT,TPE,TYO
8/8/20,8/8/20,09:00:00,13:10:00,3H10M,direct,558.6,CHINA AIRLINES LTD.,TSA,HND,TPE,TYO
9/8/20,9/8/20,06:40:00,11:05:00,3H25M,direct,425.2,SCOOT,TPE,NRT,TPE,TYO
9/8/20,9/8/20,12:40:00,16:55:00,3H15M,direct,484.6,CHINA AIRLINES LTD.,TPE,NRT,TPE,TYO
9/8/20,9/8/20,08:40:00,13:00:00,3H20M,direct,518,ALL NIPPON AIRWAYS,TPE,NRT,TPE,TYO
9/8/20,9/8/20,08:50:00,13:15:00,3H25M,direct,523.6,CHINA AIRLINES LTD.,TPE,NRT,TPE,TYO
9/8/20,9/8/20,14:30:00,18:55:00,3H25M,direct,558.6,CHINA AIRLINES LTD.,TPE,NRT,TPE,TYO
2/8/20,2/8/20,11:50:00,15:25:00,2H35M,direct,348.8,HAHN AIR SYSTEMS,TPE,ICN,TPE,ICN
2/8/20,2/8/20,18:00:00,21:35:00,2H35M,direct,381.2,SCOOT,TPE,ICN,TPE,ICN
2/8/20,2/8/20,12:50:00,16:15:00,2H25M,direct,564,THAI AIRWAYS INTERNATIONAL,TPE,ICN,TPE,ICN
2/8/20,2/8/20,10:30:00,13:55:00,2H25M,direct,579,EASTAR JET,TPE,ICN,TPE,ICN
2/8/20,2/8/20,07:40:00,11:10:00,2H30M,direct,607.6,KOREAN AIR,TPE,ICN,TPE,ICN
3/8/20,3/8/20,11:50:00,15:25:00,2H35M,direct,348.8,HAHN AIR SYSTEMS,TPE,ICN,TPE,ICN
3/8/20,3/8/20,18:20:00,21:55:00,2H35M,direct,391.2,SCOOT,TPE,ICN,TPE,ICN
3/8/20,3/8/20,10:30:00,13:55:00,2H25M,direct,479,EASTAR JET,TPE,ICN,TPE,ICN
3/8/20,3/8/20,16:10:00,19:45:00,2H35M,direct,518.6,CHINA AIRLINES LTD.,TPE,ICN,TPE,ICN
3/8/20,3/8/20,12:50:00,16:15:00,2H25M,direct,564,THAI AIRWAYS INTERNATIONAL,TPE,ICN,TPE,ICN
4/8/20,4/8/20,11:50:00,15:25:00,2H35M,direct,348.8,HAHN AIR SYSTEMS,TPE,ICN,TPE,ICN
4/8/20,4/8/20,16:10:00,19:45:00,2H35M,direct,518.6,CHINA AIRLINES LTD.,TPE,ICN,TPE,ICN
4/8/20,4/8/20,12:50:00,16:15:00,2H25M,direct,564,THAI AIRWAYS INTERNATIONAL,TPE,ICN,TPE,ICN
4/8/20,4/8/20,07:40:00,11:10:00,2H30M,direct,607.6,KOREAN AIR,TPE,ICN,TPE,ICN
4/8/20,4/8/20,13:20:00,16:50:00,2H30M,direct,607.6,KOREAN AIR,TPE,ICN,TPE,ICN
5/8/20,5/8/20,11:50:00,15:25:00,2H35M,direct,348.8,HAHN AIR SYSTEMS,TPE,ICN,TPE,ICN
5/8/20,5/8/20,18:00:00,21:35:00,2H35M,direct,381.2,SCOOT,TPE,ICN,TPE,ICN
5/8/20,5/8/20,10:30:00,13:55:00,2H25M,direct,479,EASTAR JET,TPE,ICN,TPE,ICN
5/8/20,5/8/20,13:10:00,16:40:00,2H30M,direct,509.6,CHINA AIRLINES LTD.,TPE,ICN,TPE,ICN
5/8/20,5/8/20,16:50:00,20:25:00,2H35M,direct,509.6,CHINA AIRLINES LTD.,TPE,ICN,TPE,ICN
6/8/20,6/8/20,11:50:00,15:25:00,2H35M,direct,348.8,HAHN AIR SYSTEMS,TPE,ICN,TPE,ICN
6/8/20,6/8/20,16:50:00,20:25:00,2H35M,direct,509.6,CHINA AIRLINES LTD.,TPE,ICN,TPE,ICN
6/8/20,6/8/20,12:50:00,16:15:00,2H25M,direct,564,THAI AIRWAYS INTERNATIONAL,TPE,ICN,TPE,ICN
6/8/20,6/8/20,07:40:00,11:10:00,2H30M,direct,579.6,CHINA AIRLINES LTD.,TPE,ICN,TPE,ICN
6/8/20,6/8/20,07:40:00,11:10:00,2H30M,direct,607.6,KOREAN AIR,TPE,ICN,TPE,ICN
7/8/20,7/8/20,11:50:00,15:25:00,2H35M,direct,348.8,HAHN AIR SYSTEMS,TPE,ICN,TPE,ICN
7/8/20,7/8/20,18:00:00,21:35:00,2H35M,direct,381.2,SCOOT,TPE,ICN,TPE,ICN
7/8/20,7/8/20,10:30:00,13:55:00,2H25M,direct,479,EASTAR JET,TPE,ICN,TPE,ICN
7/8/20,7/8/20,16:10:00,19:45:00,2H35M,direct,509.6,CHINA AIRLINES LTD.,TPE,ICN,TPE,ICN
7/8/20,7/8/20,07:40:00,11:10:00,2H30M,direct,579.6,CHINA AIRLINES LTD.,TPE,ICN,TPE,ICN
8/8/20,8/8/20,11:50:00,15:25:00,2H35M,direct,348.8,HAHN AIR SYSTEMS,TPE,ICN,TPE,ICN
8/8/20,8/8/20,13:10:00,16:40:00,2H30M,direct,509.6,CHINA AIRLINES LTD.,TPE,ICN,TPE,ICN
8/8/20,8/8/20,16:10:00,19:45:00,2H35M,direct,509.6,CHINA AIRLINES LTD.,TPE,ICN,TPE,ICN
8/8/20,8/8/20,12:50:00,16:15:00,2H25M,direct,564,THAI AIRWAYS INTERNATIONAL,TPE,ICN,TPE,ICN
8/8/20,8/8/20,07:40:00,11:10:00,2H30M,direct,579.6,CHINA AIRLINES LTD.,TPE,ICN,TPE,ICN
9/8/20,9/8/20,11:50:00,15:25:00,2H35M,direct,348.8,HAHN AIR SYSTEMS,TPE,ICN,TPE,ICN
9/8/20,9/8/20,18:00:00,21:35:00,2H35M,direct,381.2,SCOOT,TPE,ICN,TPE,ICN
9/8/20,9/8/20,16:30:00,19:50:00,2H20M,direct,545.8,ASIANA AIRLINES,TPE,ICN,TPE,ICN
9/8/20,9/8/20,12:55:00,16:30:00,2H35M,direct,545.8,ASIANA AIRLINES,TPE,ICN,TPE,ICN
9/8/20,9/8/20,10:30:00,13:55:00,2H25M,direct,546,EASTAR JET,TPE,ICN,TPE,ICN
10/8/20,10/8/20,02:05:00,08:00:00,6H55M,direct,4977,SINGAPORE AIRLINES,HND,SIN,TYO,SIN
10/8/20,10/8/20,09:15:00,15:15:00,7H,direct,4977,SINGAPORE AIRLINES,HND,SIN,TYO,SIN
10/8/20,10/8/20,17:05:00,23:05:00,7H,direct,4977,SINGAPORE AIRLINES,HND,SIN,TYO,SIN
10/8/20,11/8/20,22:55:00,04:55:00,7H,direct,4977,SINGAPORE AIRLINES,HND,SIN,TYO,SIN
10/8/20,10/8/20,11:10:00,17:20:00,7H10M,direct,4979.1,SINGAPORE AIRLINES,NRT,SIN,TYO,SIN
2/8/20,2/8/20,10:40:00,15:25:00,6H45M,direct,488.1,THAI LION AIR,NRT,DMK,TYO,BKK
2/8/20,2/8/20,10:05:00,15:00:00,6H55M,direct,534.5,SCOOT,NRT,DMK,TYO,BKK
2/8/20,2/8/20,13:55:00,18:25:00,6H30M,direct,925.7,NOKSCOOT AIRLINES,NRT,DMK,TYO,BKK
2/8/20,2/8/20,13:55:00,18:25:00,6H30M,direct,1064.2,HAHN AIR SYSTEMS,NRT,DMK,TYO,BKK
2/8/20,2/8/20,00:40:00,05:00:00,6H20M,direct,1309,BANGKOK AIRWAYS,HND,BKK,TYO,BKK
3/8/20,3/8/20,10:05:00,15:00:00,6H55M,direct,534.5,SCOOT,NRT,DMK,TYO,BKK
3/8/20,3/8/20,10:40:00,15:25:00,6H45M,direct,594.1,THAI LION AIR,NRT,DMK,TYO,BKK
3/8/20,3/8/20,13:55:00,18:25:00,6H30M,direct,643.7,NOKSCOOT AIRLINES,NRT,DMK,TYO,BKK
3/8/20,3/8/20,13:55:00,18:25:00,6H30M,direct,762.2,HAHN AIR SYSTEMS,NRT,DMK,TYO,BKK
3/8/20,3/8/20,00:40:00,05:00:00,6H20M,direct,1309,BANGKOK AIRWAYS,HND,BKK,TYO,BKK
4/8/20,4/8/20,10:40:00,15:25:00,6H45M,direct,488.1,THAI LION AIR,NRT,DMK,TYO,BKK
4/8/20,4/8/20,10:05:00,15:00:00,6H55M,direct,534.5,SCOOT,NRT,DMK,TYO,BKK
4/8/20,4/8/20,13:55:00,18:25:00,6H30M,direct,565.7,NOKSCOOT AIRLINES,NRT,DMK,TYO,BKK
4/8/20,4/8/20,13:55:00,18:25:00,6H30M,direct,678.2,HAHN AIR SYSTEMS,NRT,DMK,TYO,BKK
4/8/20,4/8/20,00:40:00,05:00:00,6H20M,direct,1309,BANGKOK AIRWAYS,HND,BKK,TYO,BKK
5/8/20,5/8/20,10:40:00,15:25:00,6H45M,direct,488.1,THAI LION AIR,NRT,DMK,TYO,BKK
5/8/20,5/8/20,10:05:00,15:00:00,6H55M,direct,534.5,SCOOT,NRT,DMK,TYO,BKK
5/8/20,5/8/20,13:55:00,18:25:00,6H30M,direct,565.7,NOKSCOOT AIRLINES,NRT,DMK,TYO,BKK
5/8/20,5/8/20,13:55:00,18:25:00,6H30M,direct,678.2,HAHN AIR SYSTEMS,NRT,DMK,TYO,BKK
5/8/20,5/8/20,00:40:00,05:00:00,6H20M,direct,1309,BANGKOK AIRWAYS,HND,BKK,TYO,BKK
6/8/20,6/8/20,10:40:00,15:25:00,6H45M,direct,488.1,THAI LION AIR,NRT,DMK,TYO,BKK
6/8/20,6/8/20,10:05:00,15:00:00,6H55M,direct,534.5,SCOOT,NRT,DMK,TYO,BKK
6/8/20,6/8/20,13:55:00,18:25:00,6H30M,direct,925.7,NOKSCOOT AIRLINES,NRT,DMK,TYO,BKK
6/8/20,6/8/20,13:55:00,18:25:00,6H30M,direct,1064.2,HAHN AIR SYSTEMS,NRT,DMK,TYO,BKK
6/8/20,6/8/20,00:40:00,05:00:00,6H20M,direct,1309,BANGKOK AIRWAYS,HND,BKK,TYO,BKK
7/8/20,7/8/20,10:05:00,15:00:00,6H55M,direct,534.5,SCOOT,NRT,DMK,TYO,BKK
7/8/20,7/8/20,10:40:00,15:25:00,6H45M,direct,698.1,THAI LION AIR,NRT,DMK,TYO,BKK
7/8/20,7/8/20,10:50:00,15:20:00,6H30M,direct,1698.3,THAI AIRWAYS INTERNATIONAL,NRT,BKK,TYO,BKK
7/8/20,7/8/20,12:00:00,16:30:00,6H30M,direct,1698.3,THAI AIRWAYS INTERNATIONAL,NRT,BKK,TYO,BKK
7/8/20,7/8/20,17:25:00,21:55:00,6H30M,direct,1698.3,THAI AIRWAYS INTERNATIONAL,NRT,BKK,TYO,BKK
8/8/20,8/8/20,10:40:00,15:25:00,6H45M,direct,790.1,THAI LION AIR,NRT,DMK,TYO,BKK
8/8/20,8/8/20,10:05:00,15:00:00,6H55M,direct,1410.5,SCOOT,NRT,DMK,TYO,BKK
8/8/20,8/8/20,12:00:00,16:30:00,6H30M,direct,1698.3,THAI AIRWAYS INTERNATIONAL,NRT,BKK,TYO,BKK
8/8/20,8/8/20,17:25:00,21:55:00,6H30M,direct,1698.3,THAI AIRWAYS INTERNATIONAL,NRT,BKK,TYO,BKK
8/8/20,8/8/20,00:20:00,04:50:00,6H30M,direct,1750.2,THAI AIRWAYS INTERNATIONAL,HND,BKK,TYO,BKK
9/8/20,9/8/20,10:40:00,15:25:00,6H45M,direct,698.1,THAI LION AIR,NRT,DMK,TYO,BKK
9/8/20,9/8/20,10:05:00,15:00:00,6H55M,direct,1410.5,SCOOT,NRT,DMK,TYO,BKK
9/8/20,9/8/20,10:50:00,15:20:00,6H30M,direct,1698.3,THAI AIRWAYS INTERNATIONAL,NRT,BKK,TYO,BKK
9/8/20,9/8/20,12:00:00,16:30:00,6H30M,direct,1698.3,THAI AIRWAYS INTERNATIONAL,NRT,BKK,TYO,BKK
9/8/20,9/8/20,17:25:00,21:55:00,6H30M,direct,1698.3,THAI AIRWAYS INTERNATIONAL,NRT,BKK,TYO,BKK
2/8/20,2/8/20,12:05:00,14:50:00,3H45M,direct,435.9,SCOOT,NRT,TPE,TYO,TPE
2/8/20,2/8/20,07:55:00,10:35:00,3H40M,direct,690.4,CHINA AIRLINES LTD.,HND,TSA,TYO,TPE
2/8/20,2/8/20,18:20:00,21:10:00,3H50M,direct,747.5,CHINA AIRLINES LTD.,NRT,TPE,TYO,TPE
2/8/20,2/8/20,09:25:00,12:10:00,3H45M,direct,802.5,CHINA AIRLINES LTD.,NRT,TPE,TYO,TPE
2/8/20,2/8/20,20:05:00,22:50:00,3H45M,direct,802.5,CHINA AIRLINES LTD.,NRT,TPE,TYO,TPE
3/8/20,3/8/20,12:05:00,14:50:00,3H45M,direct,435.9,SCOOT,NRT,TPE,TYO,TPE
3/8/20,3/8/20,20:25:00,23:10:00,3H45M,direct,461.9,SCOOT,NRT,TPE,TYO,TPE
3/8/20,3/8/20,07:55:00,10:35:00,3H40M,direct,690.4,CHINA AIRLINES LTD.,HND,TSA,TYO,TPE
3/8/20,3/8/20,20:05:00,22:50:00,3H45M,direct,692.5,CHINA AIRLINES LTD.,NRT,TPE,TYO,TPE
3/8/20,3/8/20,14:30:00,17:20:00,3H50M,direct,692.5,CHINA AIRLINES LTD.,NRT,TPE,TYO,TPE
4/8/20,4/8/20,12:05:00,14:50:00,3H45M,direct,435.9,SCOOT,NRT,TPE,TYO,TPE
4/8/20,4/8/20,20:25:00,23:10:00,3H45M,direct,461.9,SCOOT,NRT,TPE,TYO,TPE
4/8/20,4/8/20,07:55:00,10:35:00,3H40M,direct,690.4,CHINA AIRLINES LTD.,HND,TSA,TYO,TPE
4/8/20,4/8/20,20:05:00,22:50:00,3H45M,direct,692.5,CHINA AIRLINES LTD.,NRT,TPE,TYO,TPE
4/8/20,4/8/20,14:30:00,17:20:00,3H50M,direct,692.5,CHINA AIRLINES LTD.,NRT,TPE,TYO,TPE
5/8/20,5/8/20,12:05:00,14:50:00,3H45M,direct,435.9,SCOOT,NRT,TPE,TYO,TPE
5/8/20,5/8/20,07:55:00,10:35:00,3H40M,direct,690.4,CHINA AIRLINES LTD.,HND,TSA,TYO,TPE
5/8/20,5/8/20,20:05:00,22:50:00,3H45M,direct,692.5,CHINA AIRLINES LTD.,NRT,TPE,TYO,TPE
5/8/20,5/8/20,14:30:00,17:20:00,3H50M,direct,692.5,CHINA AIRLINES LTD.,NRT,TPE,TYO,TPE
5/8/20,5/8/20,18:20:00,21:10:00,3H50M,direct,692.5,CHINA AIRLINES LTD.,NRT,TPE,TYO,TPE
6/8/20,6/8/20,12:05:00,14:50:00,3H45M,direct,435.9,SCOOT,NRT,TPE,TYO,TPE
6/8/20,6/8/20,20:25:00,23:10:00,3H45M,direct,461.9,SCOOT,NRT,TPE,TYO,TPE
6/8/20,6/8/20,07:55:00,10:35:00,3H40M,direct,690.4,CHINA AIRLINES LTD.,HND,TSA,TYO,TPE
6/8/20,6/8/20,20:05:00,22:50:00,3H45M,direct,692.5,CHINA AIRLINES LTD.,NRT,TPE,TYO,TPE
6/8/20,6/8/20,14:30:00,17:20:00,3H50M,direct,692.5,CHINA AIRLINES LTD.,NRT,TPE,TYO,TPE
7/8/20,7/8/20,12:05:00,14:50:00,3H45M,direct,435.9,SCOOT,NRT,TPE,TYO,TPE
7/8/20,7/8/20,20:30:00,23:10:00,3H40M,direct,461.9,SCOOT,NRT,TPE,TYO,TPE
7/8/20,7/8/20,07:55:00,10:35:00,3H40M,direct,690.4,CHINA AIRLINES LTD.,HND,TSA,TYO,TPE
7/8/20,7/8/20,20:05:00,22:50:00,3H45M,direct,692.5,CHINA AIRLINES LTD.,NRT,TPE,TYO,TPE
7/8/20,7/8/20,14:30:00,17:20:00,3H50M,direct,692.5,CHINA AIRLINES LTD.,NRT,TPE,TYO,TPE
8/8/20,8/8/20,12:05:00,14:50:00,3H45M,direct,801.9,SCOOT,NRT,TPE,TYO,TPE
8/8/20,8/8/20,20:25:00,23:10:00,3H45M,direct,879.9,SCOOT,NRT,TPE,TYO,TPE
8/8/20,8/8/20,07:55:00,10:35:00,3H40M,direct,978.4,CHINA AIRLINES LTD.,HND,TSA,TYO,TPE
8/8/20,8/8/20,09:25:00,12:10:00,3H45M,direct,980.5,CHINA AIRLINES LTD.,NRT,TPE,TYO,TPE
8/8/20,8/8/20,20:05:00,22:50:00,3H45M,direct,980.5,CHINA AIRLINES LTD.,NRT,TPE,TYO,TPE
9/8/20,9/8/20,12:05:00,14:50:00,3H45M,direct,801.9,SCOOT,NRT,TPE,TYO,TPE
9/8/20,9/8/20,07:55:00,10:35:00,3H40M,direct,978.4,CHINA AIRLINES LTD.,HND,TSA,TYO,TPE
9/8/20,9/8/20,09:25:00,12:10:00,3H45M,direct,980.5,CHINA AIRLINES LTD.,NRT,TPE,TYO,TPE
9/8/20,9/8/20,20:05:00,22:50:00,3H45M,direct,980.5,CHINA AIRLINES LTD.,NRT,TPE,TYO,TPE
9/8/20,9/8/20,14:30:00,17:20:00,3H50M,direct,980.5,CHINA AIRLINES LTD.,NRT,TPE,TYO,TPE
2/8/20,2/8/20,20:30:00,23:35:00,3H5M,direct,295,HAHN AIR SYSTEMS,NRT,ICN,TYO,ICN
2/8/20,2/8/20,19:40:00,22:40:00,3H,direct,375.5,HAHN AIR SYSTEMS,NRT,ICN,TYO,ICN
2/8/20,2/8/20,12:00:00,14:40:00,2H40M,direct,420.5,HAHN AIR SYSTEMS,NRT,ICN,TYO,ICN
2/8/20,2/8/20,10:50:00,13:35:00,2H45M,direct,441.1,EASTAR JET,NRT,ICN,TYO,ICN
2/8/20,2/8/20,11:30:00,14:35:00,3H5M,direct,441.1,EASTAR JET,NRT,ICN,TYO,ICN
3/8/20,3/8/20,20:30:00,23:35:00,3H5M,direct,295,HAHN AIR SYSTEMS,NRT,ICN,TYO,ICN
3/8/20,3/8/20,12:00:00,14:40:00,2H40M,direct,375.5,HAHN AIR SYSTEMS,NRT,ICN,TYO,ICN
3/8/20,3/8/20,18:45:00,21:30:00,2H45M,direct,420.5,HAHN AIR SYSTEMS,NRT,ICN,TYO,ICN
3/8/20,3/8/20,10:50:00,13:35:00,2H45M,direct,441.1,EASTAR JET,NRT,ICN,TYO,ICN
3/8/20,3/8/20,18:30:00,21:15:00,2H45M,direct,441.1,EASTAR JET,NRT,ICN,TYO,ICN
4/8/20,4/8/20,20:30:00,23:35:00,3H5M,direct,295,HAHN AIR SYSTEMS,NRT,ICN,TYO,ICN
4/8/20,4/8/20,12:00:00,14:40:00,2H40M,direct,375.5,HAHN AIR SYSTEMS,NRT,ICN,TYO,ICN
4/8/20,4/8/20,19:40:00,22:40:00,3H,direct,375.5,HAHN AIR SYSTEMS,NRT,ICN,TYO,ICN
4/8/20,4/8/20,10:50:00,13:35:00,2H45M,direct,441.1,EASTAR JET,NRT,ICN,TYO,ICN
4/8/20,4/8/20,18:30:00,21:15:00,2H45M,direct,441.1,EASTAR JET,NRT,ICN,TYO,ICN
5/8/20,5/8/20,20:30:00,23:35:00,3H5M,direct,295,HAHN AIR SYSTEMS,NRT,ICN,TYO,ICN
5/8/20,5/8/20,11:55:00,14:40:00,2H45M,direct,375.5,HAHN AIR SYSTEMS,NRT,ICN,TYO,ICN
5/8/20,5/8/20,19:40:00,22:40:00,3H,direct,375.5,HAHN AIR SYSTEMS,NRT,ICN,TYO,ICN
5/8/20,5/8/20,10:50:00,13:35:00,2H45M,direct,441.1,EASTAR JET,NRT,ICN,TYO,ICN
5/8/20,5/8/20,18:30:00,21:15:00,2H45M,direct,441.1,EASTAR JET,NRT,ICN,TYO,ICN
6/8/20,6/8/20,20:30:00,23:35:00,3H5M,direct,295,HAHN AIR SYSTEMS,NRT,ICN,TYO,ICN
6/8/20,6/8/20,12:00:00,14:40:00,2H40M,direct,375.5,HAHN AIR SYSTEMS,NRT,ICN,TYO,ICN
6/8/20,6/8/20,19:40:00,22:40:00,3H,direct,375.5,HAHN AIR SYSTEMS,NRT,ICN,TYO,ICN
6/8/20,6/8/20,10:50:00,13:35:00,2H45M,direct,441.1,EASTAR JET,NRT,ICN,TYO,ICN
6/8/20,6/8/20,18:30:00,21:15:00,2H45M,direct,441.1,EASTAR JET,NRT,ICN,TYO,ICN
7/8/20,7/8/20,20:30:00,23:35:00,3H5M,direct,295,HAHN AIR SYSTEMS,NRT,ICN,TYO,ICN
7/8/20,7/8/20,10:50:00,13:35:00,2H45M,direct,441.1,EASTAR JET,NRT,ICN,TYO,ICN
7/8/20,7/8/20,11:30:00,14:35:00,3H5M,direct,441.1,EASTAR JET,NRT,ICN,TYO,ICN
7/8/20,7/8/20,18:30:00,21:15:00,2H45M,direct,441.1,EASTAR JET,NRT,ICN,TYO,ICN
7/8/20,7/8/20,19:25:00,22:05:00,2H40M,direct,656.3,ASIANA AIRLINES,NRT,ICN,TYO,ICN
8/8/20,8/8/20,20:30:00,23:35:00,3H5M,direct,295,HAHN AIR SYSTEMS,NRT,ICN,TYO,ICN
8/8/20,8/8/20,18:30:00,21:15:00,2H45M,direct,509.1,EASTAR JET,NRT,ICN,TYO,ICN
8/8/20,8/8/20,10:50:00,13:35:00,2H45M,direct,555.1,EASTAR JET,NRT,ICN,TYO,ICN
8/8/20,8/8/20,11:30:00,14:35:00,3H5M,direct,555.1,EASTAR JET,NRT,ICN,TYO,ICN
8/8/20,8/8/20,19:25:00,22:05:00,2H40M,direct,656.3,ASIANA AIRLINES,NRT,ICN,TYO,ICN
9/8/20,9/8/20,20:30:00,23:35:00,3H5M,direct,295,HAHN AIR SYSTEMS,NRT,ICN,TYO,ICN
9/8/20,9/8/20,19:40:00,22:40:00,3H,direct,375.5,HAHN AIR SYSTEMS,NRT,ICN,TYO,ICN
9/8/20,9/8/20,10:50:00,13:35:00,2H45M,direct,509.1,EASTAR JET,NRT,ICN,TYO,ICN
9/8/20,9/8/20,18:30:00,21:15:00,2H45M,direct,509.1,EASTAR JET,NRT,ICN,TYO,ICN
9/8/20,9/8/20,11:30:00,14:35:00,3H5M,direct,509.1,EASTAR JET,NRT,ICN,TYO,ICN
10/8/20,10/8/20,16:10:00,21:30:00,6H20M,direct,947.6,ASIANA AIRLINES,ICN,SIN,ICN,SIN
10/8/20,11/8/20,19:00:00,01:30:00,7H30M,direct,947.6,ASIANA AIRLINES,ICN,SIN,ICN,SIN
10/8/20,10/8/20,14:45:00,19:55:00,6H10M,direct,1099.6,KOREAN AIR,ICN,SIN,ICN,SIN
10/8/20,10/8/20,18:40:00,23:50:00,6H10M,direct,1099.6,KOREAN AIR,ICN,SIN,ICN,SIN
10/8/20,10/8/20,16:45:00,22:00:00,6H15M,direct,1234.6,ASIANA AIRLINES,ICN,SIN,ICN,SIN
2/8/20,2/8/20,17:30:00,21:20:00,5H50M,direct,617.6,EASTAR JET,ICN,BKK,ICN,BKK
2/8/20,2/8/20,20:05:00,23:59:00,5H54M,direct,675.6,HAHN AIR SYSTEMS,ICN,BKK,ICN,BKK
2/8/20,3/8/20,20:25:00,00:25:00,6H,direct,730.4,HAHN AIR SYSTEMS,ICN,BKK,ICN,BKK
2/8/20,2/8/20,09:35:00,13:25:00,5H50M,direct,850.8,THAI AIRWAYS INTERNATIONAL,ICN,BKK,ICN,BKK
2/8/20,2/8/20,10:20:00,14:10:00,5H50M,direct,850.8,THAI AIRWAYS INTERNATIONAL,ICN,BKK,ICN,BKK
3/8/20,3/8/20,20:05:00,23:59:00,5H54M,direct,533.6,HAHN AIR SYSTEMS,ICN,BKK,ICN,BKK
3/8/20,3/8/20,17:30:00,21:20:00,5H50M,direct,617.6,EASTAR JET,ICN,BKK,ICN,BKK
3/8/20,4/8/20,20:25:00,00:25:00,6H,direct,730.4,HAHN AIR SYSTEMS,ICN,BKK,ICN,BKK
3/8/20,3/8/20,09:35:00,13:25:00,5H50M,direct,850.8,THAI AIRWAYS INTERNATIONAL,ICN,BKK,ICN,BKK
3/8/20,3/8/20,10:20:00,14:10:00,5H50M,direct,850.8,THAI AIRWAYS INTERNATIONAL,ICN,BKK,ICN,BKK
4/8/20,4/8/20,20:05:00,23:59:00,5H54M,direct,533.6,HAHN AIR SYSTEMS,ICN,BKK,ICN,BKK
4/8/20,5/8/20,20:25:00,00:25:00,6H,direct,730.4,HAHN AIR SYSTEMS,ICN,BKK,ICN,BKK
4/8/20,4/8/20,09:35:00,13:25:00,5H50M,direct,850.8,THAI AIRWAYS INTERNATIONAL,ICN,BKK,ICN,BKK
4/8/20,4/8/20,10:20:00,14:10:00,5H50M,direct,850.8,THAI AIRWAYS INTERNATIONAL,ICN,BKK,ICN,BKK
4/8/20,4/8/20,11:20:00,15:10:00,5H50M,direct,850.8,THAI AIRWAYS INTERNATIONAL,ICN,BKK,ICN,BKK
5/8/20,5/8/20,20:05:00,23:59:00,5H54M,direct,572.6,HAHN AIR SYSTEMS,ICN,BKK,ICN,BKK
5/8/20,5/8/20,17:30:00,21:20:00,5H50M,direct,617.6,EASTAR JET,ICN,BKK,ICN,BKK
5/8/20,5/8/20,06:30:00,10:40:00,6H10M,direct,675.6,HAHN AIR SYSTEMS,ICN,BKK,ICN,BKK
5/8/20,6/8/20,20:25:00,00:25:00,6H,direct,730.4,HAHN AIR SYSTEMS,ICN,BKK,ICN,BKK
5/8/20,5/8/20,09:35:00,13:25:00,5H50M,direct,850.8,THAI AIRWAYS INTERNATIONAL,ICN,BKK,ICN,BKK
6/8/20,6/8/20,17:30:00,21:20:00,5H50M,direct,502.6,EASTAR JET,ICN,BKK,ICN,BKK
6/8/20,6/8/20,20:05:00,23:59:00,5H54M,direct,533.6,HAHN AIR SYSTEMS,ICN,BKK,ICN,BKK
6/8/20,6/8/20,06:30:00,10:40:00,6H10M,direct,675.6,HAHN AIR SYSTEMS,ICN,BKK,ICN,BKK
6/8/20,7/8/20,20:25:00,00:25:00,6H,direct,730.4,HAHN AIR SYSTEMS,ICN,BKK,ICN,BKK
6/8/20,6/8/20,09:35:00,13:25:00,5H50M,direct,850.8,THAI AIRWAYS INTERNATIONAL,ICN,BKK,ICN,BKK
7/8/20,7/8/20,17:30:00,21:20:00,5H50M,direct,502.6,EASTAR JET,ICN,BKK,ICN,BKK
7/8/20,7/8/20,20:05:00,23:59:00,5H54M,direct,572.6,HAHN AIR SYSTEMS,ICN,BKK,ICN,BKK
7/8/20,7/8/20,06:30:00,10:40:00,6H10M,direct,675.6,HAHN AIR SYSTEMS,ICN,BKK,ICN,BKK
7/8/20,8/8/20,20:25:00,00:25:00,6H,direct,730.4,HAHN AIR SYSTEMS,ICN,BKK,ICN,BKK
7/8/20,7/8/20,09:35:00,13:25:00,5H50M,direct,850.8,THAI AIRWAYS INTERNATIONAL,ICN,BKK,ICN,BKK
8/8/20,8/8/20,17:30:00,21:20:00,5H50M,direct,502.6,EASTAR JET,ICN,BKK,ICN,BKK
8/8/20,8/8/20,20:05:00,23:59:00,5H54M,direct,533.6,HAHN AIR SYSTEMS,ICN,BKK,ICN,BKK
8/8/20,9/8/20,20:25:00,00:25:00,6H,direct,565.4,HAHN AIR SYSTEMS,ICN,BKK,ICN,BKK
8/8/20,8/8/20,06:30:00,10:40:00,6H10M,direct,675.6,HAHN AIR SYSTEMS,ICN,BKK,ICN,BKK
8/8/20,8/8/20,09:35:00,13:25:00,5H50M,direct,909.8,THAI AIRWAYS INTERNATIONAL,ICN,BKK,ICN,BKK
9/8/20,9/8/20,06:30:00,10:40:00,6H10M,direct,430.6,HAHN AIR SYSTEMS,ICN,BKK,ICN,BKK
9/8/20,10/8/20,20:25:00,00:25:00,6H,direct,483.4,HAHN AIR SYSTEMS,ICN,BKK,ICN,BKK
9/8/20,9/8/20,17:30:00,21:20:00,5H50M,direct,502.6,EASTAR JET,ICN,BKK,ICN,BKK
9/8/20,9/8/20,20:05:00,23:59:00,5H54M,direct,533.6,HAHN AIR SYSTEMS,ICN,BKK,ICN,BKK
9/8/20,9/8/20,09:35:00,13:25:00,5H50M,direct,850.8,THAI AIRWAYS INTERNATIONAL,ICN,BKK,ICN,BKK
2/8/20,3/8/20,22:50:00,00:30:00,2H40M,direct,379.4,SCOOT,ICN,TPE,ICN,TPE
2/8/20,2/8/20,12:35:00,14:10:00,2H35M,direct,398.6,CHINA AIRLINES LTD.,ICN,TPE,ICN,TPE
2/8/20,2/8/20,21:55:00,23:35:00,2H40M,direct,398.6,CHINA AIRLINES LTD.,ICN,TPE,ICN,TPE
2/8/20,2/8/20,08:05:00,09:30:00,2H25M,direct,486,EASTAR JET,ICN,TPE,ICN,TPE
2/8/20,2/8/20,10:00:00,11:30:00,2H30M,direct,578.6,ASIANA AIRLINES,ICN,TPE,ICN,TPE
3/8/20,4/8/20,22:55:00,00:30:00,2H35M,direct,379.4,SCOOT,ICN,TPE,ICN,TPE
3/8/20,3/8/20,12:35:00,14:10:00,2H35M,direct,398.6,CHINA AIRLINES LTD.,ICN,TPE,ICN,TPE
3/8/20,3/8/20,20:45:00,22:25:00,2H40M,direct,398.6,CHINA AIRLINES LTD.,ICN,TPE,ICN,TPE
3/8/20,3/8/20,08:05:00,09:30:00,2H25M,direct,461,EASTAR JET,ICN,TPE,ICN,TPE
3/8/20,3/8/20,10:00:00,11:30:00,2H30M,direct,578.6,ASIANA AIRLINES,ICN,TPE,ICN,TPE
4/8/20,4/8/20,12:35:00,14:10:00,2H35M,direct,398.6,CHINA AIRLINES LTD.,ICN,TPE,ICN,TPE
4/8/20,4/8/20,20:45:00,22:25:00,2H40M,direct,398.6,CHINA AIRLINES LTD.,ICN,TPE,ICN,TPE
4/8/20,4/8/20,09:05:00,10:50:00,2H45M,direct,422,HAHN AIR SYSTEMS,ICN,TPE,ICN,TPE
4/8/20,4/8/20,10:00:00,11:30:00,2H30M,direct,578.6,ASIANA AIRLINES,ICN,TPE,ICN,TPE
4/8/20,4/8/20,13:50:00,15:30:00,2H40M,direct,578.6,ASIANA AIRLINES,ICN,TPE,ICN,TPE
5/8/20,6/8/20,22:50:00,00:30:00,2H40M,direct,379.4,SCOOT,ICN,TPE,ICN,TPE
5/8/20,5/8/20,12:35:00,14:10:00,2H35M,direct,398.6,CHINA AIRLINES LTD.,ICN,TPE,ICN,TPE
5/8/20,5/8/20,21:55:00,23:35:00,2H40M,direct,398.6,CHINA AIRLINES LTD.,ICN,TPE,ICN,TPE
5/8/20,5/8/20,17:40:00,19:25:00,2H45M,direct,398.6,CHINA AIRLINES LTD.,ICN,TPE,ICN,TPE
5/8/20,5/8/20,09:05:00,10:50:00,2H45M,direct,422,HAHN AIR SYSTEMS,ICN,TPE,ICN,TPE
6/8/20,6/8/20,12:35:00,14:10:00,2H35M,direct,398.6,CHINA AIRLINES LTD.,ICN,TPE,ICN,TPE
6/8/20,6/8/20,21:55:00,23:35:00,2H40M,direct,398.6,CHINA AIRLINES LTD.,ICN,TPE,ICN,TPE
6/8/20,6/8/20,09:05:00,10:50:00,2H45M,direct,422,HAHN AIR SYSTEMS,ICN,TPE,ICN,TPE
6/8/20,6/8/20,10:00:00,11:30:00,2H30M,direct,578.6,ASIANA AIRLINES,ICN,TPE,ICN,TPE
6/8/20,6/8/20,13:50:00,15:30:00,2H40M,direct,578.6,ASIANA AIRLINES,ICN,TPE,ICN,TPE
7/8/20,7/8/20,12:35:00,14:10:00,2H35M,direct,398.6,CHINA AIRLINES LTD.,ICN,TPE,ICN,TPE
7/8/20,7/8/20,20:45:00,22:25:00,2H40M,direct,398.6,CHINA AIRLINES LTD.,ICN,TPE,ICN,TPE
7/8/20,7/8/20,09:05:00,10:50:00,2H45M,direct,422,HAHN AIR SYSTEMS,ICN,TPE,ICN,TPE
7/8/20,8/8/20,22:50:00,00:30:00,2H40M,direct,427.4,SCOOT,ICN,TPE,ICN,TPE
7/8/20,7/8/20,08:05:00,09:30:00,2H25M,direct,486,EASTAR JET,ICN,TPE,ICN,TPE
8/8/20,8/8/20,12:35:00,14:10:00,2H35M,direct,398.6,CHINA AIRLINES LTD.,ICN,TPE,ICN,TPE
8/8/20,8/8/20,20:45:00,22:25:00,2H40M,direct,398.6,CHINA AIRLINES LTD.,ICN,TPE,ICN,TPE
8/8/20,8/8/20,17:40:00,19:25:00,2H45M,direct,398.6,CHINA AIRLINES LTD.,ICN,TPE,ICN,TPE
8/8/20,8/8/20,09:05:00,10:50:00,2H45M,direct,422,HAHN AIR SYSTEMS,ICN,TPE,ICN,TPE
8/8/20,8/8/20,10:00:00,11:30:00,2H30M,direct,578.6,ASIANA AIRLINES,ICN,TPE,ICN,TPE
9/8/20,10/8/20,22:50:00,00:30:00,2H40M,direct,379.4,SCOOT,ICN,TPE,ICN,TPE
9/8/20,9/8/20,12:35:00,14:10:00,2H35M,direct,398.6,CHINA AIRLINES LTD.,ICN,TPE,ICN,TPE
9/8/20,9/8/20,21:55:00,23:35:00,2H40M,direct,398.6,CHINA AIRLINES LTD.,ICN,TPE,ICN,TPE
9/8/20,9/8/20,09:05:00,10:50:00,2H45M,direct,422,HAHN AIR SYSTEMS,ICN,TPE,ICN,TPE
9/8/20,9/8/20,08:05:00,09:30:00,2H25M,direct,461,EASTAR JET,ICN,TPE,ICN,TPE
2/8/20,2/8/20,05:55:00,08:35:00,2H40M,direct,291,HAHN AIR SYSTEMS,ICN,NRT,ICN,TYO
2/8/20,2/8/20,15:00:00,16:55:00,1H55M,direct,327.4,HAHN AIR SYSTEMS,ICN,NRT,ICN,TYO
2/8/20,2/8/20,07:45:00,10:15:00,2H30M,direct,327.4,HAHN AIR SYSTEMS,ICN,NRT,ICN,TYO
2/8/20,2/8/20,15:10:00,17:30:00,2H20M,direct,405,EASTAR JET,ICN,NRT,ICN,TYO
2/8/20,2/8/20,08:00:00,10:30:00,2H30M,direct,405,EASTAR JET,ICN,NRT,ICN,TYO
3/8/20,3/8/20,05:55:00,08:35:00,2H40M,direct,291,HAHN AIR SYSTEMS,ICN,NRT,ICN,TYO
3/8/20,3/8/20,07:45:00,10:15:00,2H30M,direct,327.4,HAHN AIR SYSTEMS,ICN,NRT,ICN,TYO
3/8/20,3/8/20,15:00:00,17:35:00,2H35M,direct,368.4,HAHN AIR SYSTEMS,ICN,NRT,ICN,TYO
3/8/20,3/8/20,15:10:00,17:30:00,2H20M,direct,405,EASTAR JET,ICN,NRT,ICN,TYO
3/8/20,3/8/20,08:00:00,10:30:00,2H30M,direct,405,EASTAR JET,ICN,NRT,ICN,TYO
4/8/20,4/8/20,05:55:00,08:35:00,2H40M,direct,291,HAHN AIR SYSTEMS,ICN,NRT,ICN,TYO
4/8/20,4/8/20,07:45:00,10:15:00,2H30M,direct,327.4,HAHN AIR SYSTEMS,ICN,NRT,ICN,TYO
4/8/20,4/8/20,15:00:00,17:35:00,2H35M,direct,327.4,HAHN AIR SYSTEMS,ICN,NRT,ICN,TYO
4/8/20,4/8/20,15:10:00,17:30:00,2H20M,direct,405,EASTAR JET,ICN,NRT,ICN,TYO
4/8/20,4/8/20,08:00:00,10:30:00,2H30M,direct,405,EASTAR JET,ICN,NRT,ICN,TYO
5/8/20,5/8/20,05:55:00,08:35:00,2H40M,direct,291,HAHN AIR SYSTEMS,ICN,NRT,ICN,TYO
5/8/20,5/8/20,07:45:00,10:15:00,2H30M,direct,327.4,HAHN AIR SYSTEMS,ICN,NRT,ICN,TYO
5/8/20,5/8/20,15:00:00,17:35:00,2H35M,direct,327.4,HAHN AIR SYSTEMS,ICN,NRT,ICN,TYO
5/8/20,5/8/20,15:10:00,17:30:00,2H20M,direct,405,EASTAR JET,ICN,NRT,ICN,TYO
5/8/20,5/8/20,08:00:00,10:30:00,2H30M,direct,405,EASTAR JET,ICN,NRT,ICN,TYO
6/8/20,6/8/20,05:55:00,08:35:00,2H40M,direct,291,HAHN AIR SYSTEMS,ICN,NRT,ICN,TYO
6/8/20,6/8/20,07:45:00,10:15:00,2H30M,direct,327.4,HAHN AIR SYSTEMS,ICN,NRT,ICN,TYO
6/8/20,6/8/20,15:00:00,17:35:00,2H35M,direct,327.4,HAHN AIR SYSTEMS,ICN,NRT,ICN,TYO
6/8/20,6/8/20,15:10:00,17:30:00,2H20M,direct,405,EASTAR JET,ICN,NRT,ICN,TYO
6/8/20,6/8/20,08:00:00,10:30:00,2H30M,direct,405,EASTAR JET,ICN,NRT,ICN,TYO
7/8/20,7/8/20,05:55:00,08:35:00,2H40M,direct,291,HAHN AIR SYSTEMS,ICN,NRT,ICN,TYO
7/8/20,7/8/20,15:00:00,17:35:00,2H35M,direct,327.4,HAHN AIR SYSTEMS,ICN,NRT,ICN,TYO
7/8/20,7/8/20,07:45:00,10:15:00,2H30M,direct,368.4,HAHN AIR SYSTEMS,ICN,NRT,ICN,TYO
7/8/20,7/8/20,15:10:00,17:30:00,2H20M,direct,405,EASTAR JET,ICN,NRT,ICN,TYO
7/8/20,7/8/20,07:05:00,09:50:00,2H45M,direct,405,EASTAR JET,ICN,NRT,ICN,TYO
8/8/20,8/8/20,05:55:00,08:35:00,2H40M,direct,291,HAHN AIR SYSTEMS,ICN,NRT,ICN,TYO
8/8/20,8/8/20,15:15:00,17:35:00,2H20M,direct,327.4,HAHN AIR SYSTEMS,ICN,NRT,ICN,TYO
8/8/20,8/8/20,07:45:00,10:15:00,2H30M,direct,368.4,HAHN AIR SYSTEMS,ICN,NRT,ICN,TYO
8/8/20,8/8/20,15:10:00,17:30:00,2H20M,direct,405,EASTAR JET,ICN,NRT,ICN,TYO
8/8/20,8/8/20,08:00:00,10:30:00,2H30M,direct,405,EASTAR JET,ICN,NRT,ICN,TYO
9/8/20,9/8/20,05:55:00,08:35:00,2H40M,direct,291,HAHN AIR SYSTEMS,ICN,NRT,ICN,TYO
9/8/20,9/8/20,15:00:00,16:55:00,1H55M,direct,327.4,HAHN AIR SYSTEMS,ICN,NRT,ICN,TYO
9/8/20,9/8/20,07:45:00,10:15:00,2H30M,direct,327.4,HAHN AIR SYSTEMS,ICN,NRT,ICN,TYO
9/8/20,9/8/20,15:10:00,17:30:00,2H20M,direct,405,EASTAR JET,ICN,NRT,ICN,TYO
9/8/20,9/8/20,08:00:00,10:30:00,2H30M,direct,405,EASTAR JET,ICN,NRT,ICN,TYO