Departure Date,Arrival Date,Departure Time,Arrival Time,Duration,Type of Flight,Price,Airline,Departure AirportArrival Airport,Departure Airport,Arrival Airport
2020-08-01,2020-08-01,12:20:00,13:50:00,2H30M,direct,201.80,THAI LION AIR,,SIN,DMK
2020-08-01,2020-08-01,20:30:00,22:00:00,2H30M,direct,201.80,THAI LION AIR,,SIN,DMK
2020-08-01,2020-08-01,22:20:00,23:45:00,2H25M,direct,283.60,SCOOT,,SIN,DMK
2020-08-01,2020-08-01,06:30:00,08:00:00,2H30M,direct,323.60,SCOOT,,SIN,BKK
2020-08-01,2020-08-01,08:20:00,09:50:00,2H30M,direct,323.60,SCOOT,,SIN,BKK
2020-08-02,2020-08-02,12:20:00,13:50:00,2H30M,direct,201.80,THAI LION AIR,,SIN,DMK
2020-08-02,2020-08-02,20:30:00,22:00:00,2H30M,direct,201.80,THAI LION AIR,,SIN,DMK
2020-08-02,2020-08-02,22:20:00,23:45:00,2H25M,direct,283.60,SCOOT,,SIN,DMK
2020-08-02,2020-08-02,20:40:00,22:05:00,2H25M,direct,303.60,SCOOT,,SIN,DMK
2020-08-02,2020-08-02,06:30:00,08:00:00,2H30M,direct,303.60,SCOOT,,SIN,BKK
2020-08-03,2020-08-03,12:20:00,13:50:00,2H30M,direct,201.80,THAI LION AIR,,SIN,DMK
2020-08-03,2020-08-03,20:30:00,22:00:00,2H30M,direct,201.80,THAI LION AIR,,SIN,DMK
2020-08-03,2020-08-03,22:20:00,23:45:00,2H25M,direct,283.60,SCOOT,,SIN,DMK
2020-08-03,2020-08-03,06:30:00,08:00:00,2H30M,direct,303.60,SCOOT,,SIN,BKK
2020-08-03,2020-08-03,08:20:00,09:50:00,2H30M,direct,303.60,SCOOT,,SIN,BKK
2020-08-04,2020-08-04,12:55:00,14:25:00,2H30M,direct,201.80,THAI LION AIR,,SIN,DMK
2020-08-04,2020-08-04,20:30:00,22:00:00,2H30M,direct,201.80,THAI LION AIR,,SIN,DMK
2020-08-04,2020-08-04,22:20:00,23:45:00,2H25M,direct,283.60,SCOOT,,SIN,DMK
2020-08-04,2020-08-04,06:30:00,08:00:00,2H30M,direct,303.60,SCOOT,,SIN,BKK
2020-08-04,2020-08-04,08:20:00,09:50:00,2H30M,direct,303.60,SCOOT,,SIN,BKK
2020-08-05,2020-08-05,12:55:00,14:25:00,2H30M,direct,201.80,THAI LION AIR,,SIN,DMK
2020-08-05,2020-08-05,20:30:00,22:00:00,2H30M,direct,201.80,THAI LION AIR,,SIN,DMK
2020-08-05,2020-08-05,22:20:00,23:45:00,2H25M,direct,283.60,SCOOT,,SIN,DMK
2020-08-05,2020-08-05,20:40:00,22:05:00,2H25M,direct,303.60,SCOOT,,SIN,DMK
2020-08-05,2020-08-05,06:30:00,08:00:00,2H30M,direct,303.60,SCOOT,,SIN,BKK
2020-08-06,2020-08-06,12:55:00,14:25:00,2H30M,direct,201.80,THAI LION AIR,,SIN,DMK
2020-08-06,2020-08-06,20:30:00,22:00:00,2H30M,direct,201.80,THAI LION AIR,,SIN,DMK
2020-08-06,2020-08-06,22:20:00,23:45:00,2H25M,direct,323.60,SCOOT,,SIN,DMK
2020-08-06,2020-08-06,07:20:00,08:45:00,2H25M,direct,327.60,JETSTAR ASIA,,SIN,BKK
2020-08-06,2020-08-06,10:45:00,12:10:00,2H25M,direct,327.60,JETSTAR ASIA,,SIN,BKK
2020-08-07,2020-08-07,12:20:00,13:50:00,2H30M,direct,201.80,THAI LION AIR,,SIN,DMK
2020-08-07,2020-08-07,20:30:00,22:00:00,2H30M,direct,257.80,THAI LION AIR,,SIN,DMK
2020-08-07,2020-08-07,06:30:00,08:00:00,2H30M,direct,385.60,SCOOT,,SIN,BKK
2020-08-07,2020-08-07,17:55:00,19:25:00,2H30M,direct,385.60,SCOOT,,SIN,BKK
2020-08-07,2020-08-07,12:40:00,14:25:00,2H45M,direct,385.60,SCOOT,,SIN,BKK
2020-08-08,2020-08-08,20:30:00,22:00:00,2H30M,direct,201.80,THAI LION AIR,,SIN,DMK
2020-08-08,2020-08-08,12:20:00,13:50:00,2H30M,direct,257.80,THAI LION AIR,,SIN,DMK
2020-08-08,2020-08-08,17:55:00,19:25:00,2H30M,direct,353.60,SCOOT,,SIN,BKK
2020-08-08,2020-08-08,19:15:00,20:40:00,2H25M,direct,415.60,JETSTAR ASIA,,SIN,BKK
2020-08-08,2020-08-08,08:20:00,09:50:00,2H30M,direct,421.60,SCOOT,,SIN,BKK
2020-08-09,2020-08-09,12:20:00,13:50:00,2H30M,direct,201.80,THAI LION AIR,,SIN,DMK
2020-08-09,2020-08-09,20:30:00,22:00:00,2H30M,direct,201.80,THAI LION AIR,,SIN,DMK
2020-08-09,2020-08-09,06:30:00,08:00:00,2H30M,direct,303.60,SCOOT,,SIN,BKK
2020-08-09,2020-08-09,08:20:00,09:50:00,2H30M,direct,303.60,SCOOT,,SIN,BKK
2020-08-09,2020-08-09,17:55:00,19:25:00,2H30M,direct,303.60,SCOOT,,SIN,BKK
2020-08-10,2020-08-10,12:20:00,13:50:00,2H30M,direct,201.80,THAI LION AIR,,SIN,DMK
2020-08-10,2020-08-10,20:30:00,22:00:00,2H30M,direct,201.80,THAI LION AIR,,SIN,DMK
2020-08-10,2020-08-10,22:20:00,23:45:00,2H25M,direct,283.60,SCOOT,,SIN,DMK
2020-08-10,2020-08-10,06:30:00,08:00:00,2H30M,direct,303.60,SCOOT,,SIN,BKK
2020-08-10,2020-08-10,08:20:00,09:50:00,2H30M,direct,303.60,SCOOT,,SIN,BKK
2020-08-01,2020-08-01,01:10:00,06:00:00,4H50M,direct,473.00,JETSTAR ASIA,,SIN,TPE
2020-08-01,2020-08-01,07:00:00,11:50:00,4H50M,direct,473.00,JETSTAR ASIA,,SIN,TPE
2020-08-01,2020-08-01,02:00:00,06:55:00,4H55M,direct,565.80,CHINA AIRLINES LTD.,,SIN,TPE
2020-08-01,2020-08-01,13:25:00,18:20:00,4H55M,direct,565.80,CHINA AIRLINES LTD.,,SIN,TPE
2020-08-01,2020-08-01,00:50:00,05:40:00,4H50M,direct,649.00,SCOOT,,SIN,TPE
2020-08-02,2020-08-02,00:50:00,05:40:00,4H50M,direct,419.00,SCOOT,,SIN,TPE
2020-08-02,2020-08-02,12:10:00,17:00:00,4H50M,direct,419.00,SCOOT,,SIN,TPE
2020-08-02,2020-08-02,06:10:00,11:05:00,4H55M,direct,419.00,SCOOT,,SIN,TPE
2020-08-02,2020-08-02,01:10:00,06:00:00,4H50M,direct,473.00,JETSTAR ASIA,,SIN,TPE
2020-08-02,2020-08-02,07:00:00,11:50:00,4H50M,direct,473.00,JETSTAR ASIA,,SIN,TPE
2020-08-03,2020-08-03,00:50:00,05:40:00,4H50M,direct,419.00,SCOOT,,SIN,TPE
2020-08-03,2020-08-03,08:50:00,13:40:00,4H50M,direct,419.00,SCOOT,,SIN,TPE
2020-08-03,2020-08-03,12:30:00,17:20:00,4H50M,direct,419.00,SCOOT,,SIN,TPE
2020-08-03,2020-08-03,07:00:00,11:50:00,4H50M,direct,473.00,JETSTAR ASIA,,SIN,TPE
2020-08-03,2020-08-03,02:00:00,06:55:00,4H55M,direct,565.80,CHINA AIRLINES LTD.,,SIN,TPE
2020-08-04,2020-08-04,00:50:00,05:40:00,4H50M,direct,419.00,SCOOT,,SIN,TPE
2020-08-04,2020-08-04,08:50:00,13:40:00,4H50M,direct,419.00,SCOOT,,SIN,TPE
2020-08-04,2020-08-04,06:10:00,11:05:00,4H55M,direct,419.00,SCOOT,,SIN,TPE
2020-08-04,2020-08-04,07:00:00,11:50:00,4H50M,direct,473.00,JETSTAR ASIA,,SIN,TPE
2020-08-04,2020-08-04,02:00:00,06:55:00,4H55M,direct,565.80,CHINA AIRLINES LTD.,,SIN,TPE
2020-08-05,2020-08-05,00:50:00,05:40:00,4H50M,direct,419.00,SCOOT,,SIN,TPE
2020-08-05,2020-08-05,12:10:00,17:00:00,4H50M,direct,419.00,SCOOT,,SIN,TPE
2020-08-05,2020-08-05,01:10:00,06:00:00,4H50M,direct,473.00,JETSTAR ASIA,,SIN,TPE
2020-08-05,2020-08-05,07:00:00,11:50:00,4H50M,direct,473.00,JETSTAR ASIA,,SIN,TPE
2020-08-05,2020-08-05,02:00:00,06:55:00,4H55M,direct,565.80,CHINA AIRLINES LTD.,,SIN,TPE
2020-08-06,2020-08-06,06:10:00,11:05:00,4H55M,direct,419.00,SCOOT,,SIN,TPE
2020-08-06,2020-08-06,01:10:00,06:00:00,4H50M,direct,473.00,JETSTAR ASIA,,SIN,TPE
2020-08-06,2020-08-06,07:00:00,11:50:00,4H50M,direct,513.00,JETSTAR ASIA,,SIN,TPE
2020-08-06,2020-08-06,02:00:00,06:55:00,4H55M,direct,565.80,CHINA AIRLINES LTD.,,SIN,TPE
2020-08-06,2020-08-06,13:25:00,18:20:00,4H55M,direct,565.80,CHINA AIRLINES LTD.,,SIN,TPE
2020-08-07,2020-08-07,12:10:00,17:00:00,4H50M,direct,419.00,SCOOT,,SIN,TPE
2020-08-07,2020-08-07,07:00:00,11:50:00,4H50M,direct,513.00,JETSTAR ASIA,,SIN,TPE
2020-08-07,2020-08-07,02:00:00,06:55:00,4H55M,direct,565.80,CHINA AIRLINES LTD.,,SIN,TPE
2020-08-07,2020-08-07,13:25:00,18:20:00,4H55M,direct,565.80,CHINA AIRLINES LTD.,,SIN,TPE
2020-08-07,2020-08-07,13:10:00,17:45:00,4H35M,direct,742.60,EVA AIR,,SIN,TPE
2020-08-08,2020-08-08,06:10:00,11:05:00,4H55M,direct,419.00,SCOOT,,SIN,TPE
2020-08-08,2020-08-08,01:10:00,06:00:00,4H50M,direct,473.00,JETSTAR ASIA,,SIN,TPE
2020-08-08,2020-08-08,07:00:00,11:50:00,4H50M,direct,513.00,JETSTAR ASIA,,SIN,TPE
2020-08-08,2020-08-08,02:00:00,06:55:00,4H55M,direct,565.80,CHINA AIRLINES LTD.,,SIN,TPE
2020-08-08,2020-08-08,13:25:00,18:20:00,4H55M,direct,565.80,CHINA AIRLINES LTD.,,SIN,TPE
2020-08-09,2020-08-09,12:10:00,17:00:00,4H50M,direct,419.00,SCOOT,,SIN,TPE
2020-08-09,2020-08-09,07:00:00,11:50:00,4H50M,direct,473.00,JETSTAR ASIA,,SIN,TPE
2020-08-09,2020-08-09,01:10:00,06:00:00,4H50M,direct,513.00,JETSTAR ASIA,,SIN,TPE
2020-08-09,2020-08-09,02:00:00,06:55:00,4H55M,direct,565.80,CHINA AIRLINES LTD.,,SIN,TPE
2020-08-09,2020-08-09,13:25:00,18:20:00,4H55M,direct,565.80,CHINA AIRLINES LTD.,,SIN,TPE
2020-08-10,2020-08-10,00:50:00,05:40:00,4H50M,direct,419.00,SCOOT,,SIN,TPE
2020-08-10,2020-08-10,08:50:00,13:40:00,4H50M,direct,419.00,SCOOT,,SIN,TPE
2020-08-10,2020-08-10,12:30:00,17:20:00,4H50M,direct,419.00,SCOOT,,SIN,TPE
2020-08-10,2020-08-10,07:00:00,11:50:00,4H50M,direct,473.00,JETSTAR ASIA,,SIN,TPE
2020-08-10,2020-08-10,02:00:00,06:55:00,4H55M,direct,565.80,CHINA AIRLINES LTD.,,SIN,TPE
2020-08-01,2020-08-01,06:10:00,14:20:00,7H10M,direct,1942.60,ALL NIPPON AIRWAYS,,SIN,NRT
2020-08-01,2020-08-01,11:00:00,19:10:00,7H10M,direct,1977.60,ALL NIPPON AIRWAYS,,SIN,HND
2020-08-01,2020-08-02,22:10:00,06:30:00,7H20M,direct,1977.60,ALL NIPPON AIRWAYS,,SIN,HND
2020-08-01,2020-08-02,23:00:00,07:00:00,7H,direct,2326.00,JAPAN AIRLINES,,SIN,HND
2020-08-01,2020-08-01,01:50:00,09:50:00,7H,direct,2361.00,JAPAN AIRLINES,,SIN,HND
2020-08-02,2020-08-02,06:10:00,14:20:00,7H10M,direct,1942.60,ALL NIPPON AIRWAYS,,SIN,NRT
2020-08-02,2020-08-02,11:00:00,19:10:00,7H10M,direct,1977.60,ALL NIPPON AIRWAYS,,SIN,HND
2020-08-02,2020-08-03,22:10:00,06:30:00,7H20M,direct,1977.60,ALL NIPPON AIRWAYS,,SIN,HND
2020-08-02,2020-08-03,23:00:00,07:00:00,7H,direct,2326.00,JAPAN AIRLINES,,SIN,HND
2020-08-02,2020-08-02,08:10:00,16:20:00,7H10M,direct,2326.00,JAPAN AIRLINES,,SIN,NRT
2020-08-03,2020-08-03,06:10:00,14:20:00,7H10M,direct,1942.60,ALL NIPPON AIRWAYS,,SIN,NRT
2020-08-03,2020-08-03,11:00:00,19:10:00,7H10M,direct,1977.60,ALL NIPPON AIRWAYS,,SIN,HND
2020-08-03,2020-08-04,22:10:00,06:30:00,7H20M,direct,1977.60,ALL NIPPON AIRWAYS,,SIN,HND
2020-08-03,2020-08-04,23:00:00,07:00:00,7H,direct,2326.00,JAPAN AIRLINES,,SIN,HND
2020-08-03,2020-08-03,08:10:00,16:20:00,7H10M,direct,2326.00,JAPAN AIRLINES,,SIN,NRT
2020-08-04,2020-08-04,06:10:00,14:20:00,7H10M,direct,1942.60,ALL NIPPON AIRWAYS,,SIN,NRT
2020-08-04,2020-08-04,11:00:00,19:10:00,7H10M,direct,1977.60,ALL NIPPON AIRWAYS,,SIN,HND
2020-08-04,2020-08-05,22:10:00,06:30:00,7H20M,direct,1977.60,ALL NIPPON AIRWAYS,,SIN,HND
2020-08-04,2020-08-05,23:00:00,07:00:00,7H,direct,2326.00,JAPAN AIRLINES,,SIN,HND
2020-08-04,2020-08-04,08:10:00,16:20:00,7H10M,direct,2326.00,JAPAN AIRLINES,,SIN,NRT
2020-08-05,2020-08-05,06:10:00,14:20:00,7H10M,direct,1942.60,ALL NIPPON AIRWAYS,,SIN,NRT
2020-08-05,2020-08-05,11:00:00,19:10:00,7H10M,direct,1977.60,ALL NIPPON AIRWAYS,,SIN,HND
2020-08-05,2020-08-06,22:10:00,06:30:00,7H20M,direct,1977.60,ALL NIPPON AIRWAYS,,SIN,HND
2020-08-05,2020-08-06,23:00:00,07:00:00,7H,direct,2326.00,JAPAN AIRLINES,,SIN,HND
2020-08-05,2020-08-05,08:10:00,16:20:00,7H10M,direct,2326.00,JAPAN AIRLINES,,SIN,NRT
2020-08-06,2020-08-06,06:10:00,14:20:00,7H10M,direct,1942.60,ALL NIPPON AIRWAYS,,SIN,NRT
2020-08-06,2020-08-06,11:00:00,19:10:00,7H10M,direct,1977.60,ALL NIPPON AIRWAYS,,SIN,HND
2020-08-06,2020-08-07,22:10:00,06:30:00,7H20M,direct,1977.60,ALL NIPPON AIRWAYS,,SIN,HND
2020-08-06,2020-08-07,23:00:00,07:00:00,7H,direct,2326.00,JAPAN AIRLINES,,SIN,HND
2020-08-06,2020-08-06,08:10:00,16:20:00,7H10M,direct,2326.00,JAPAN AIRLINES,,SIN,NRT
2020-08-07,2020-08-07,06:10:00,14:20:00,7H10M,direct,1942.60,ALL NIPPON AIRWAYS,,SIN,NRT
2020-08-07,2020-08-07,11:00:00,19:10:00,7H10M,direct,1977.60,ALL NIPPON AIRWAYS,,SIN,HND
2020-08-07,2020-08-08,22:10:00,06:30:00,7H20M,direct,1977.60,ALL NIPPON AIRWAYS,,SIN,HND
2020-08-07,2020-08-08,23:00:00,07:00:00,7H,direct,2326.00,JAPAN AIRLINES,,SIN,HND
2020-08-07,2020-08-07,08:10:00,16:20:00,7H10M,direct,2326.00,JAPAN AIRLINES,,SIN,NRT
2020-08-08,2020-08-08,06:10:00,14:20:00,7H10M,direct,1942.60,ALL NIPPON AIRWAYS,,SIN,NRT
2020-08-08,2020-08-08,11:00:00,19:10:00,7H10M,direct,1977.60,ALL NIPPON AIRWAYS,,SIN,HND
2020-08-08,2020-08-09,22:10:00,06:30:00,7H20M,direct,1977.60,ALL NIPPON AIRWAYS,,SIN,HND
2020-08-08,2020-08-09,23:00:00,07:00:00,7H,direct,2326.00,JAPAN AIRLINES,,SIN,HND
2020-08-08,2020-08-08,08:10:00,16:20:00,7H10M,direct,2326.00,JAPAN AIRLINES,,SIN,NRT
2020-08-09,2020-08-09,06:10:00,14:20:00,7H10M,direct,1942.60,ALL NIPPON AIRWAYS,,SIN,NRT
2020-08-09,2020-08-09,11:00:00,19:10:00,7H10M,direct,1977.60,ALL NIPPON AIRWAYS,,SIN,HND
2020-08-09,2020-08-10,22:10:00,06:30:00,7H20M,direct,1977.60,ALL NIPPON AIRWAYS,,SIN,HND
2020-08-09,2020-08-10,23:00:00,07:00:00,7H,direct,2326.00,JAPAN AIRLINES,,SIN,HND
2020-08-09,2020-08-09,08:10:00,16:20:00,7H10M,direct,2326.00,JAPAN AIRLINES,,SIN,NRT
2020-08-10,2020-08-10,06:10:00,14:20:00,7H10M,direct,1942.60,ALL NIPPON AIRWAYS,,SIN,NRT
2020-08-10,2020-08-10,11:00:00,19:10:00,7H10M,direct,1977.60,ALL NIPPON AIRWAYS,,SIN,HND
2020-08-10,2020-08-11,22:10:00,06:30:00,7H20M,direct,1977.60,ALL NIPPON AIRWAYS,,SIN,HND
2020-08-10,2020-08-11,23:00:00,07:00:00,7H,direct,2326.00,JAPAN AIRLINES,,SIN,HND
2020-08-10,2020-08-10,08:10:00,16:20:00,7H10M,direct,2326.00,JAPAN AIRLINES,,SIN,NRT
2020-08-01,2020-08-01,02:45:00,10:15:00,6H30M,direct,1193.20,ASIANA AIRLINES,,SIN,ICN
2020-08-01,2020-08-02,22:40:00,06:10:00,6H30M,direct,1193.20,ASIANA AIRLINES,,SIN,ICN
2020-08-01,2020-08-01,01:10:00,08:25:00,6H15M,direct,1560.20,KOREAN AIR,,SIN,ICN
2020-08-01,2020-08-02,22:35:00,06:00:00,6H25M,direct,1560.20,KOREAN AIR,,SIN,ICN
2020-08-01,2020-08-01,02:25:00,09:50:00,6H25M,direct,1770.20,ASIANA AIRLINES,,SIN,ICN
2020-08-02,2020-08-02,02:45:00,10:15:00,6H30M,direct,1193.20,ASIANA AIRLINES,,SIN,ICN
2020-08-02,2020-08-03,22:40:00,06:10:00,6H30M,direct,1193.20,ASIANA AIRLINES,,SIN,ICN
2020-08-02,2020-08-02,01:10:00,08:25:00,6H15M,direct,1560.20,KOREAN AIR,,SIN,ICN
2020-08-02,2020-08-03,22:35:00,06:00:00,6H25M,direct,1560.20,KOREAN AIR,,SIN,ICN
2020-08-02,2020-08-02,11:00:00,18:35:00,6H35M,direct,1560.20,KOREAN AIR,,SIN,ICN
2020-08-03,2020-08-03,02:45:00,10:15:00,6H30M,direct,1193.20,ASIANA AIRLINES,,SIN,ICN
2020-08-03,2020-08-04,22:40:00,06:10:00,6H30M,direct,1193.20,ASIANA AIRLINES,,SIN,ICN
2020-08-03,2020-08-03,01:10:00,08:25:00,6H15M,direct,1560.20,KOREAN AIR,,SIN,ICN
2020-08-03,2020-08-04,22:35:00,06:00:00,6H25M,direct,1560.20,KOREAN AIR,,SIN,ICN
2020-08-03,2020-08-03,11:00:00,18:35:00,6H35M,direct,1560.20,KOREAN AIR,,SIN,ICN
2020-08-04,2020-08-04,02:45:00,10:15:00,6H30M,direct,1193.20,ASIANA AIRLINES,,SIN,ICN
2020-08-04,2020-08-05,22:40:00,06:10:00,6H30M,direct,1193.20,ASIANA AIRLINES,,SIN,ICN
2020-08-04,2020-08-04,01:10:00,08:25:00,6H15M,direct,1560.20,KOREAN AIR,,SIN,ICN
2020-08-04,2020-08-05,22:35:00,06:00:00,6H25M,direct,1560.20,KOREAN AIR,,SIN,ICN
2020-08-04,2020-08-04,02:25:00,09:50:00,6H25M,direct,1770.20,ASIANA AIRLINES,,SIN,ICN
2020-08-05,2020-08-05,02:45:00,10:15:00,6H30M,direct,1193.20,ASIANA AIRLINES,,SIN,ICN
2020-08-05,2020-08-06,22:40:00,06:10:00,6H30M,direct,1193.20,ASIANA AIRLINES,,SIN,ICN
2020-08-05,2020-08-05,01:10:00,08:25:00,6H15M,direct,1560.20,KOREAN AIR,,SIN,ICN
2020-08-05,2020-08-06,22:35:00,06:00:00,6H25M,direct,1560.20,KOREAN AIR,,SIN,ICN
2020-08-05,2020-08-05,02:25:00,09:50:00,6H25M,direct,1770.20,ASIANA AIRLINES,,SIN,ICN
2020-08-06,2020-08-06,02:45:00,10:15:00,6H30M,direct,1193.20,ASIANA AIRLINES,,SIN,ICN
2020-08-06,2020-08-07,22:40:00,06:10:00,6H30M,direct,1193.20,ASIANA AIRLINES,,SIN,ICN
2020-08-06,2020-08-06,01:10:00,08:25:00,6H15M,direct,1560.20,KOREAN AIR,,SIN,ICN
2020-08-06,2020-08-07,22:35:00,06:00:00,6H25M,direct,1560.20,KOREAN AIR,,SIN,ICN
2020-08-06,2020-08-06,11:00:00,18:35:00,6H35M,direct,1560.20,KOREAN AIR,,SIN,ICN
2020-08-07,2020-08-07,02:45:00,10:15:00,6H30M,direct,1193.20,ASIANA AIRLINES,,SIN,ICN
2020-08-07,2020-08-08,22:40:00,06:10:00,6H30M,direct,1193.20,ASIANA AIRLINES,,SIN,ICN
2020-08-07,2020-08-07,01:10:00,08:25:00,6H15M,direct,1560.20,KOREAN AIR,,SIN,ICN
2020-08-07,2020-08-08,22:35:00,06:00:00,6H25M,direct,1560.20,KOREAN AIR,,SIN,ICN
2020-08-07,2020-08-07,11:00:00,18:35:00,6H35M,direct,1560.20,KOREAN AIR,,SIN,ICN
2020-08-08,2020-08-08,02:45:00,10:15:00,6H30M,direct,1193.20,ASIANA AIRLINES,,SIN,ICN
2020-08-08,2020-08-09,22:40:00,06:10:00,6H30M,direct,1193.20,ASIANA AIRLINES,,SIN,ICN
2020-08-08,2020-08-08,01:10:00,08:25:00,6H15M,direct,1560.20,KOREAN AIR,,SIN,ICN
2020-08-08,2020-08-09,22:35:00,06:00:00,6H25M,direct,1560.20,KOREAN AIR,,SIN,ICN
2020-08-08,2020-08-08,02:25:00,09:50:00,6H25M,direct,1770.20,ASIANA AIRLINES,,SIN,ICN
2020-08-09,2020-08-09,02:45:00,10:15:00,6H30M,direct,1193.20,ASIANA AIRLINES,,SIN,ICN
2020-08-09,2020-08-10,22:40:00,06:10:00,6H30M,direct,1193.20,ASIANA AIRLINES,,SIN,ICN
2020-08-09,2020-08-09,01:10:00,08:25:00,6H15M,direct,1560.20,KOREAN AIR,,SIN,ICN
2020-08-09,2020-08-10,22:35:00,06:00:00,6H25M,direct,1560.20,KOREAN AIR,,SIN,ICN
2020-08-09,2020-08-09,11:00:00,18:35:00,6H35M,direct,1560.20,KOREAN AIR,,SIN,ICN
2020-08-10,2020-08-10,02:45:00,10:15:00,6H30M,direct,1193.20,ASIANA AIRLINES,,SIN,ICN
2020-08-10,2020-08-11,22:40:00,06:10:00,6H30M,direct,1193.20,ASIANA AIRLINES,,SIN,ICN
2020-08-10,2020-08-10,01:10:00,08:25:00,6H15M,direct,1560.20,KOREAN AIR,,SIN,ICN
2020-08-10,2020-08-11,22:35:00,06:00:00,6H25M,direct,1560.20,KOREAN AIR,,SIN,ICN
2020-08-10,2020-08-10,11:00:00,18:35:00,6H35M,direct,1560.20,KOREAN AIR,,SIN,ICN
2020-08-01,2020-08-01,15:50:00,19:30:00,2H40M,direct,172.20,THAI LION AIR,,DMK,SIN
2020-08-01,2020-08-01,07:40:00,11:20:00,2H40M,direct,226.20,THAI LION AIR,,DMK,SIN
2020-08-01,2020-08-01,17:00:00,20:25:00,2H25M,direct,260.00,SCOOT,,DMK,SIN
2020-08-01,2020-08-01,15:15:00,18:35:00,2H20M,direct,312.00,SCOOT,,BKK,SIN
2020-08-01,2020-08-01,08:40:00,12:05:00,2H25M,direct,312.00,SCOOT,,BKK,SIN
2020-08-02,2020-08-02,07:40:00,11:20:00,2H40M,direct,172.20,THAI LION AIR,,DMK,SIN
2020-08-02,2020-08-02,15:50:00,19:30:00,2H40M,direct,226.20,THAI LION AIR,,DMK,SIN
2020-08-02,2020-08-02,17:00:00,20:25:00,2H25M,direct,260.00,SCOOT,,DMK,SIN
2020-08-02,2020-08-02,11:55:00,15:25:00,2H30M,direct,333.60,CATHAY PACIFIC,,BKK,SIN
2020-08-02,2020-08-02,10:50:00,14:15:00,2H25M,direct,340.00,SCOOT,,BKK,SIN
2020-08-03,2020-08-03,07:40:00,11:20:00,2H40M,direct,172.20,THAI LION AIR,,DMK,SIN
2020-08-03,2020-08-03,15:50:00,19:30:00,2H40M,direct,226.20,THAI LION AIR,,DMK,SIN
2020-08-03,2020-08-03,17:00:00,20:25:00,2H25M,direct,260.00,SCOOT,,DMK,SIN
2020-08-03,2020-08-03,11:55:00,15:25:00,2H30M,direct,333.60,CATHAY PACIFIC,,BKK,SIN
2020-08-03,2020-08-03,20:25:00,23:45:00,2H20M,direct,404.00,SCOOT,,BKK,SIN
2020-08-04,2020-08-04,07:40:00,11:20:00,2H40M,direct,172.20,THAI LION AIR,,DMK,SIN
2020-08-04,2020-08-04,15:50:00,19:30:00,2H40M,direct,172.20,THAI LION AIR,,DMK,SIN
2020-08-04,2020-08-04,17:00:00,20:25:00,2H25M,direct,286.00,SCOOT,,DMK,SIN
2020-08-04,2020-08-04,15:15:00,18:35:00,2H20M,direct,312.00,SCOOT,,BKK,SIN
2020-08-04,2020-08-04,20:25:00,23:45:00,2H20M,direct,312.00,SCOOT,,BKK,SIN
2020-08-05,2020-08-05,07:40:00,11:20:00,2H40M,direct,172.20,THAI LION AIR,,DMK,SIN
2020-08-05,2020-08-05,15:50:00,19:30:00,2H40M,direct,172.20,THAI LION AIR,,DMK,SIN
2020-08-05,2020-08-05,17:00:00,20:25:00,2H25M,direct,286.00,SCOOT,,DMK,SIN
2020-08-05,2020-08-06,23:05:00,02:30:00,2H25M,direct,286.00,SCOOT,,DMK,SIN
2020-08-05,2020-08-05,15:15:00,18:35:00,2H20M,direct,312.00,SCOOT,,BKK,SIN
2020-08-06,2020-08-06,07:40:00,11:20:00,2H40M,direct,172.20,THAI LION AIR,,DMK,SIN
2020-08-06,2020-08-06,15:50:00,19:30:00,2H40M,direct,172.20,THAI LION AIR,,DMK,SIN
2020-08-06,2020-08-06,17:00:00,20:25:00,2H25M,direct,286.00,SCOOT,,DMK,SIN
2020-08-06,2020-08-06,15:15:00,18:35:00,2H20M,direct,312.00,SCOOT,,BKK,SIN
2020-08-06,2020-08-06,20:25:00,23:45:00,2H20M,direct,312.00,SCOOT,,BKK,SIN
2020-08-07,2020-08-07,07:40:00,11:20:00,2H40M,direct,172.20,THAI LION AIR,,DMK,SIN
2020-08-07,2020-08-07,15:50:00,19:30:00,2H40M,direct,172.20,THAI LION AIR,,DMK,SIN
2020-08-07,2020-08-07,20:25:00,23:45:00,2H20M,direct,312.00,SCOOT,,BKK,SIN
2020-08-07,2020-08-07,08:40:00,12:05:00,2H25M,direct,312.00,SCOOT,,BKK,SIN
2020-08-07,2020-08-07,10:50:00,14:15:00,2H25M,direct,312.00,SCOOT,,BKK,SIN
2020-08-08,2020-08-08,07:40:00,11:20:00,2H40M,direct,172.20,THAI LION AIR,,DMK,SIN
2020-08-08,2020-08-08,15:50:00,19:30:00,2H40M,direct,172.20,THAI LION AIR,,DMK,SIN
2020-08-08,2020-08-08,20:25:00,23:45:00,2H20M,direct,312.00,SCOOT,,BKK,SIN
2020-08-08,2020-08-08,10:50:00,14:15:00,2H25M,direct,312.00,SCOOT,,BKK,SIN
2020-08-08,2020-08-08,09:25:00,12:50:00,2H25M,direct,322.00,JETSTAR ASIA,,BKK,SIN
2020-08-09,2020-08-09,07:40:00,11:20:00,2H40M,direct,172.20,THAI LION AIR,,DMK,SIN
2020-08-09,2020-08-09,15:50:00,19:30:00,2H40M,direct,172.20,THAI LION AIR,,DMK,SIN
2020-08-09,2020-08-09,15:15:00,18:35:00,2H20M,direct,312.00,SCOOT,,BKK,SIN
2020-08-09,2020-08-09,20:25:00,23:45:00,2H20M,direct,312.00,SCOOT,,BKK,SIN
2020-08-09,2020-08-09,08:40:00,12:05:00,2H25M,direct,312.00,SCOOT,,BKK,SIN
2020-08-10,2020-08-10,07:40:00,11:20:00,2H40M,direct,172.20,THAI LION AIR,,DMK,SIN
2020-08-10,2020-08-10,15:50:00,19:30:00,2H40M,direct,226.20,THAI LION AIR,,DMK,SIN
2020-08-10,2020-08-10,12:50:00,16:15:00,2H25M,direct,322.00,JETSTAR ASIA,,BKK,SIN
2020-08-10,2020-08-10,19:00:00,22:25:00,2H25M,direct,322.00,JETSTAR ASIA,,BKK,SIN
2020-08-10,2020-08-11,21:20:00,00:45:00,2H25M,direct,322.00,JETSTAR ASIA,,BKK,SIN
2020-08-01,2020-08-01,03:10:00,08:00:00,3H50M,direct,338.40,THAI LION AIR,,DMK,TPE
2020-08-01,2020-08-02,19:30:00,00:20:00,3H50M,direct,338.40,THAI LION AIR,,DMK,TPE
2020-08-01,2020-08-01,08:35:00,13:15:00,3H40M,direct,525.40,CHINA AIRLINES LTD.,,BKK,TPE
2020-08-01,2020-08-01,11:00:00,15:40:00,3H40M,direct,525.40,CHINA AIRLINES LTD.,,BKK,TPE
2020-08-01,2020-08-01,13:20:00,18:00:00,3H40M,direct,525.40,CHINA AIRLINES LTD.,,BKK,TPE
2020-08-02,2020-08-02,03:10:00,08:00:00,3H50M,direct,338.40,THAI LION AIR,,DMK,TPE
2020-08-02,2020-08-03,19:30:00,00:20:00,3H50M,direct,338.40,THAI LION AIR,,DMK,TPE
2020-08-02,2020-08-02,03:45:00,08:30:00,3H45M,direct,464.00,NOKSCOOT AIRLINES,,DMK,TPE
2020-08-02,2020-08-02,08:35:00,13:15:00,3H40M,direct,525.40,CHINA AIRLINES LTD.,,BKK,TPE
2020-08-02,2020-08-02,11:00:00,15:40:00,3H40M,direct,525.40,CHINA AIRLINES LTD.,,BKK,TPE
2020-08-03,2020-08-03,03:10:00,08:00:00,3H50M,direct,338.40,THAI LION AIR,,DMK,TPE
2020-08-03,2020-08-04,19:30:00,00:20:00,3H50M,direct,338.40,THAI LION AIR,,DMK,TPE
2020-08-03,2020-08-03,08:35:00,13:15:00,3H40M,direct,525.40,CHINA AIRLINES LTD.,,BKK,TPE
2020-08-03,2020-08-03,11:00:00,15:40:00,3H40M,direct,525.40,CHINA AIRLINES LTD.,,BKK,TPE
2020-08-03,2020-08-03,13:20:00,18:00:00,3H40M,direct,525.40,CHINA AIRLINES LTD.,,BKK,TPE
2020-08-04,2020-08-05,19:30:00,00:20:00,3H50M,direct,268.40,THAI LION AIR,,DMK,TPE
2020-08-04,2020-08-04,03:10:00,08:00:00,3H50M,direct,338.40,THAI LION AIR,,DMK,TPE
2020-08-04,2020-08-04,03:45:00,08:30:00,3H45M,direct,430.00,NOKSCOOT AIRLINES,,DMK,TPE
2020-08-04,2020-08-04,03:45:00,08:30:00,3H45M,direct,515.20,HAHN AIR SYSTEMS,,DMK,TPE
2020-08-04,2020-08-04,08:35:00,13:15:00,3H40M,direct,525.40,CHINA AIRLINES LTD.,,BKK,TPE
2020-08-05,2020-08-05,03:10:00,08:00:00,3H50M,direct,338.40,THAI LION AIR,,DMK,TPE
2020-08-05,2020-08-06,19:30:00,00:20:00,3H50M,direct,338.40,THAI LION AIR,,DMK,TPE
2020-08-05,2020-08-05,03:45:00,08:30:00,3H45M,direct,464.00,NOKSCOOT AIRLINES,,DMK,TPE
2020-08-05,2020-08-05,08:35:00,13:15:00,3H40M,direct,525.40,CHINA AIRLINES LTD.,,BKK,TPE
2020-08-05,2020-08-05,11:00:00,15:40:00,3H40M,direct,525.40,CHINA AIRLINES LTD.,,BKK,TPE
2020-08-06,2020-08-07,19:30:00,00:20:00,3H50M,direct,268.40,THAI LION AIR,,DMK,TPE
2020-08-06,2020-08-06,03:10:00,08:00:00,3H50M,direct,338.40,THAI LION AIR,,DMK,TPE
2020-08-06,2020-08-06,08:35:00,13:15:00,3H40M,direct,525.40,CHINA AIRLINES LTD.,,BKK,TPE
2020-08-06,2020-08-06,11:00:00,15:40:00,3H40M,direct,525.40,CHINA AIRLINES LTD.,,BKK,TPE
2020-08-06,2020-08-06,13:20:00,18:00:00,3H40M,direct,525.40,CHINA AIRLINES LTD.,,BKK,TPE
2020-08-07,2020-08-07,03:10:00,08:00:00,3H50M,direct,338.40,THAI LION AIR,,DMK,TPE
2020-08-07,2020-08-08,19:30:00,00:20:00,3H50M,direct,338.40,THAI LION AIR,,DMK,TPE
2020-08-07,2020-08-07,08:35:00,13:15:00,3H40M,direct,525.40,CHINA AIRLINES LTD.,,BKK,TPE
2020-08-07,2020-08-07,11:00:00,15:40:00,3H40M,direct,525.40,CHINA AIRLINES LTD.,,BKK,TPE
2020-08-07,2020-08-07,13:20:00,18:00:00,3H40M,direct,525.40,CHINA AIRLINES LTD.,,BKK,TPE
2020-08-08,2020-08-08,03:10:00,08:00:00,3H50M,direct,338.40,THAI LION AIR,,DMK,TPE
2020-08-08,2020-08-09,19:30:00,00:20:00,3H50M,direct,338.40,THAI LION AIR,,DMK,TPE
2020-08-08,2020-08-08,03:45:00,08:30:00,3H45M,direct,500.00,NOKSCOOT AIRLINES,,DMK,TPE
2020-08-08,2020-08-08,08:35:00,13:15:00,3H40M,direct,525.40,CHINA AIRLINES LTD.,,BKK,TPE
2020-08-08,2020-08-08,11:00:00,15:40:00,3H40M,direct,525.40,CHINA AIRLINES LTD.,,BKK,TPE
2020-08-09,2020-08-09,03:10:00,08:00:00,3H50M,direct,338.40,THAI LION AIR,,DMK,TPE
2020-08-09,2020-08-10,19:30:00,00:20:00,3H50M,direct,338.40,THAI LION AIR,,DMK,TPE
2020-08-09,2020-08-09,03:45:00,08:30:00,3H45M,direct,500.00,NOKSCOOT AIRLINES,,DMK,TPE
2020-08-09,2020-08-09,08:35:00,13:15:00,3H40M,direct,525.40,CHINA AIRLINES LTD.,,BKK,TPE
2020-08-09,2020-08-09,11:00:00,15:40:00,3H40M,direct,525.40,CHINA AIRLINES LTD.,,BKK,TPE
2020-08-10,2020-08-10,03:10:00,08:00:00,3H50M,direct,338.40,THAI LION AIR,,DMK,TPE
2020-08-10,2020-08-11,19:30:00,00:20:00,3H50M,direct,338.40,THAI LION AIR,,DMK,TPE
2020-08-10,2020-08-10,08:35:00,13:15:00,3H40M,direct,525.40,CHINA AIRLINES LTD.,,BKK,TPE
2020-08-10,2020-08-10,11:00:00,15:40:00,3H40M,direct,525.40,CHINA AIRLINES LTD.,,BKK,TPE
2020-08-10,2020-08-10,13:20:00,18:00:00,3H40M,direct,525.40,CHINA AIRLINES LTD.,,BKK,TPE
2020-08-01,2020-08-01,00:55:00,09:10:00,6H15M,direct,389.80,THAI LION AIR,,DMK,NRT
2020-08-01,2020-08-01,00:45:00,09:05:00,6H20M,direct,500.00,SCOOT,,DMK,NRT
2020-08-01,2020-08-01,02:20:00,10:25:00,6H5M,direct,881.60,NOKSCOOT AIRLINES,,DMK,NRT
2020-08-01,2020-08-01,07:35:00,15:45:00,6H10M,direct,966.00,THAI AIRWAYS INTERNATIONAL,,BKK,NRT
2020-08-01,2020-08-01,13:00:00,21:10:00,6H10M,direct,966.00,THAI AIRWAYS INTERNATIONAL,,BKK,HND
2020-08-02,2020-08-02,00:45:00,09:05:00,6H20M,direct,500.00,SCOOT,,DMK,NRT
2020-08-02,2020-08-02,00:55:00,09:10:00,6H15M,direct,555.80,THAI LION AIR,,DMK,NRT
2020-08-02,2020-08-02,02:20:00,10:25:00,6H5M,direct,881.60,NOKSCOOT AIRLINES,,DMK,NRT
2020-08-02,2020-08-02,07:35:00,15:45:00,6H10M,direct,966.00,THAI AIRWAYS INTERNATIONAL,,BKK,NRT
2020-08-02,2020-08-02,13:00:00,21:10:00,6H10M,direct,966.00,THAI AIRWAYS INTERNATIONAL,,BKK,HND
2020-08-03,2020-08-03,00:45:00,09:05:00,6H20M,direct,500.00,SCOOT,,DMK,NRT
2020-08-03,2020-08-03,02:20:00,10:25:00,6H5M,direct,525.60,NOKSCOOT AIRLINES,,DMK,NRT
2020-08-03,2020-08-03,00:55:00,09:10:00,6H15M,direct,555.80,THAI LION AIR,,DMK,NRT
2020-08-03,2020-08-03,02:20:00,10:25:00,6H5M,direct,622.80,HAHN AIR SYSTEMS,,DMK,NRT
2020-08-03,2020-08-03,07:35:00,15:45:00,6H10M,direct,966.00,THAI AIRWAYS INTERNATIONAL,,BKK,NRT
2020-08-04,2020-08-04,00:45:00,09:05:00,6H20M,direct,500.00,SCOOT,,DMK,NRT
2020-08-04,2020-08-04,02:20:00,10:25:00,6H5M,direct,525.60,NOKSCOOT AIRLINES,,DMK,NRT
2020-08-04,2020-08-04,00:55:00,09:10:00,6H15M,direct,555.80,THAI LION AIR,,DMK,NRT
2020-08-04,2020-08-04,02:20:00,10:25:00,6H5M,direct,622.80,HAHN AIR SYSTEMS,,DMK,NRT
2020-08-04,2020-08-04,07:35:00,15:45:00,6H10M,direct,966.00,THAI AIRWAYS INTERNATIONAL,,BKK,NRT
2020-08-05,2020-08-05,00:45:00,09:05:00,6H20M,direct,500.00,SCOOT,,DMK,NRT
2020-08-05,2020-08-05,02:20:00,10:25:00,6H5M,direct,525.60,NOKSCOOT AIRLINES,,DMK,NRT
2020-08-05,2020-08-05,00:55:00,09:10:00,6H15M,direct,555.80,THAI LION AIR,,DMK,NRT
2020-08-05,2020-08-05,02:20:00,10:25:00,6H5M,direct,622.80,HAHN AIR SYSTEMS,,DMK,NRT
2020-08-05,2020-08-05,07:35:00,15:45:00,6H10M,direct,966.00,THAI AIRWAYS INTERNATIONAL,,BKK,NRT
2020-08-06,2020-08-06,00:55:00,09:10:00,6H15M,direct,389.80,THAI LION AIR,,DMK,NRT
2020-08-06,2020-08-06,00:45:00,09:05:00,6H20M,direct,500.00,SCOOT,,DMK,NRT
2020-08-06,2020-08-06,02:20:00,10:25:00,6H5M,direct,525.60,NOKSCOOT AIRLINES,,DMK,NRT
2020-08-06,2020-08-06,02:20:00,10:25:00,6H5M,direct,622.80,HAHN AIR SYSTEMS,,DMK,NRT
2020-08-06,2020-08-06,07:35:00,15:45:00,6H10M,direct,966.00,THAI AIRWAYS INTERNATIONAL,,BKK,NRT
2020-08-07,2020-08-07,00:45:00,09:05:00,6H20M,direct,500.00,SCOOT,,DMK,NRT
2020-08-07,2020-08-07,00:55:00,09:10:00,6H15M,direct,555.80,THAI LION AIR,,DMK,NRT
2020-08-07,2020-08-07,02:20:00,10:25:00,6H5M,direct,663.60,NOKSCOOT AIRLINES,,DMK,NRT
2020-08-07,2020-08-07,02:20:00,10:25:00,6H5M,direct,770.80,HAHN AIR SYSTEMS,,DMK,NRT
2020-08-07,2020-08-07,07:35:00,15:45:00,6H10M,direct,966.00,THAI AIRWAYS INTERNATIONAL,,BKK,NRT
2020-08-08,2020-08-08,00:45:00,09:05:00,6H20M,direct,500.00,SCOOT,,DMK,NRT
2020-08-08,2020-08-08,00:55:00,09:10:00,6H15M,direct,555.80,THAI LION AIR,,DMK,NRT
2020-08-08,2020-08-08,02:20:00,10:25:00,6H5M,direct,663.60,NOKSCOOT AIRLINES,,DMK,NRT
2020-08-08,2020-08-08,02:20:00,10:25:00,6H5M,direct,770.80,HAHN AIR SYSTEMS,,DMK,NRT
2020-08-08,2020-08-08,07:35:00,15:45:00,6H10M,direct,966.00,THAI AIRWAYS INTERNATIONAL,,BKK,NRT
2020-08-09,2020-08-09,00:55:00,09:10:00,6H15M,direct,555.80,THAI LION AIR,,DMK,NRT
2020-08-09,2020-08-09,02:20:00,10:25:00,6H5M,direct,663.60,NOKSCOOT AIRLINES,,DMK,NRT
2020-08-09,2020-08-09,02:20:00,10:25:00,6H5M,direct,770.80,HAHN AIR SYSTEMS,,DMK,NRT
2020-08-09,2020-08-09,07:35:00,15:45:00,6H10M,direct,966.00,THAI AIRWAYS INTERNATIONAL,,BKK,NRT
2020-08-09,2020-08-09,13:00:00,21:10:00,6H10M,direct,966.00,THAI AIRWAYS INTERNATIONAL,,BKK,HND
2020-08-10,2020-08-10,00:55:00,09:10:00,6H15M,direct,477.80,THAI LION AIR,,DMK,NRT
2020-08-10,2020-08-10,02:20:00,10:25:00,6H5M,direct,881.60,NOKSCOOT AIRLINES,,DMK,NRT
2020-08-10,2020-08-10,07:35:00,15:45:00,6H10M,direct,966.00,THAI AIRWAYS INTERNATIONAL,,BKK,NRT
2020-08-10,2020-08-10,13:00:00,21:10:00,6H10M,direct,966.00,THAI AIRWAYS INTERNATIONAL,,BKK,HND
2020-08-10,2020-08-11,22:10:00,06:20:00,6H10M,direct,966.00,THAI AIRWAYS INTERNATIONAL,,BKK,NRT
2020-08-01,2020-08-01,01:00:00,08:40:00,5H40M,direct,753.60,HAHN AIR SYSTEMS,,BKK,ICN
2020-08-01,2020-08-01,12:30:00,20:50:00,6H20M,direct,753.60,HAHN AIR SYSTEMS,,BKK,ICN
2020-08-01,2020-08-02,22:20:00,06:00:00,5H40M,direct,768.20,EASTAR JET,,BKK,ICN
2020-08-01,2020-08-01,01:00:00,09:15:00,6H15M,direct,914.80,ASIANA AIRLINES,,BKK,ICN
2020-08-01,2020-08-02,23:30:00,06:55:00,5H25M,direct,920.00,THAI AIRWAYS INTERNATIONAL,,BKK,ICN
2020-08-02,2020-08-03,22:20:00,06:00:00,5H40M,direct,691.20,EASTAR JET,,BKK,ICN
2020-08-02,2020-08-02,01:00:00,08:40:00,5H40M,direct,753.60,HAHN AIR SYSTEMS,,BKK,ICN
2020-08-02,2020-08-02,01:00:00,09:15:00,6H15M,direct,914.80,ASIANA AIRLINES,,BKK,ICN
2020-08-02,2020-08-03,23:30:00,06:55:00,5H25M,direct,920.00,THAI AIRWAYS INTERNATIONAL,,BKK,ICN
2020-08-02,2020-08-02,01:20:00,08:50:00,5H30M,direct,963.20,HAHN AIR SYSTEMS,,BKK,ICN
2020-08-03,2020-08-04,22:20:00,06:00:00,5H40M,direct,691.20,EASTAR JET,,BKK,ICN
2020-08-03,2020-08-03,01:00:00,08:40:00,5H40M,direct,753.60,HAHN AIR SYSTEMS,,BKK,ICN
2020-08-03,2020-08-03,01:00:00,09:15:00,6H15M,direct,914.80,ASIANA AIRLINES,,BKK,ICN
2020-08-03,2020-08-04,22:35:00,06:00:00,5H25M,direct,920.00,THAI AIRWAYS INTERNATIONAL,,BKK,ICN
2020-08-03,2020-08-04,23:30:00,06:55:00,5H25M,direct,920.00,THAI AIRWAYS INTERNATIONAL,,BKK,ICN
2020-08-04,2020-08-04,01:00:00,08:40:00,5H40M,direct,585.60,HAHN AIR SYSTEMS,,BKK,ICN
2020-08-04,2020-08-05,22:20:00,06:00:00,5H40M,direct,691.20,EASTAR JET,,BKK,ICN
2020-08-04,2020-08-04,01:00:00,09:15:00,6H15M,direct,914.80,ASIANA AIRLINES,,BKK,ICN
2020-08-04,2020-08-05,23:30:00,06:55:00,5H25M,direct,920.00,THAI AIRWAYS INTERNATIONAL,,BKK,ICN
2020-08-04,2020-08-04,01:20:00,08:50:00,5H30M,direct,963.20,HAHN AIR SYSTEMS,,BKK,ICN
2020-08-05,2020-08-05,01:00:00,08:40:00,5H40M,direct,585.60,HAHN AIR SYSTEMS,,BKK,ICN
2020-08-05,2020-08-06,22:20:00,06:00:00,5H40M,direct,691.20,EASTAR JET,,BKK,ICN
2020-08-05,2020-08-05,01:20:00,08:50:00,5H30M,direct,850.20,HAHN AIR SYSTEMS,,BKK,ICN
2020-08-05,2020-08-05,01:00:00,09:15:00,6H15M,direct,914.80,ASIANA AIRLINES,,BKK,ICN
2020-08-05,2020-08-06,22:35:00,06:00:00,5H25M,direct,920.00,THAI AIRWAYS INTERNATIONAL,,BKK,ICN
2020-08-06,2020-08-06,01:00:00,08:40:00,5H40M,direct,585.60,HAHN AIR SYSTEMS,,BKK,ICN
2020-08-06,2020-08-07,22:20:00,06:00:00,5H40M,direct,691.20,EASTAR JET,,BKK,ICN
2020-08-06,2020-08-06,01:20:00,08:50:00,5H30M,direct,850.20,HAHN AIR SYSTEMS,,BKK,ICN
2020-08-06,2020-08-06,01:00:00,09:15:00,6H15M,direct,914.80,ASIANA AIRLINES,,BKK,ICN
2020-08-06,2020-08-07,23:30:00,06:55:00,5H25M,direct,920.00,THAI AIRWAYS INTERNATIONAL,,BKK,ICN
2020-08-07,2020-08-07,01:00:00,08:40:00,5H40M,direct,585.60,HAHN AIR SYSTEMS,,BKK,ICN
2020-08-07,2020-08-07,01:20:00,08:50:00,5H30M,direct,850.20,HAHN AIR SYSTEMS,,BKK,ICN
2020-08-07,2020-08-07,01:00:00,09:15:00,6H15M,direct,914.80,ASIANA AIRLINES,,BKK,ICN
2020-08-07,2020-08-08,22:35:00,06:00:00,5H25M,direct,920.00,THAI AIRWAYS INTERNATIONAL,,BKK,ICN
2020-08-07,2020-08-08,23:30:00,06:55:00,5H25M,direct,920.00,THAI AIRWAYS INTERNATIONAL,,BKK,ICN
2020-08-08,2020-08-08,01:00:00,08:40:00,5H40M,direct,669.60,HAHN AIR SYSTEMS,,BKK,ICN
2020-08-08,2020-08-09,22:20:00,06:00:00,5H40M,direct,768.20,EASTAR JET,,BKK,ICN
2020-08-08,2020-08-08,01:00:00,09:15:00,6H15M,direct,914.80,ASIANA AIRLINES,,BKK,ICN
2020-08-08,2020-08-09,23:30:00,06:55:00,5H25M,direct,920.00,THAI AIRWAYS INTERNATIONAL,,BKK,ICN
2020-08-08,2020-08-08,01:20:00,08:50:00,5H30M,direct,963.20,HAHN AIR SYSTEMS,,BKK,ICN
2020-08-09,2020-08-10,22:20:00,06:00:00,5H40M,direct,691.20,EASTAR JET,,BKK,ICN
2020-08-09,2020-08-09,01:00:00,08:40:00,5H40M,direct,707.60,HAHN AIR SYSTEMS,,BKK,ICN
2020-08-09,2020-08-09,12:30:00,20:50:00,6H20M,direct,753.60,HAHN AIR SYSTEMS,,BKK,ICN
2020-08-09,2020-08-09,01:00:00,09:15:00,6H15M,direct,914.80,ASIANA AIRLINES,,BKK,ICN
2020-08-09,2020-08-10,23:30:00,06:55:00,5H25M,direct,920.00,THAI AIRWAYS INTERNATIONAL,,BKK,ICN
2020-08-10,2020-08-10,12:30:00,20:50:00,6H20M,direct,464.60,HAHN AIR SYSTEMS,,BKK,ICN
2020-08-10,2020-08-10,01:00:00,08:40:00,5H40M,direct,639.60,HAHN AIR SYSTEMS,,BKK,ICN
2020-08-10,2020-08-11,22:20:00,06:00:00,5H40M,direct,691.20,EASTAR JET,,BKK,ICN
2020-08-10,2020-08-10,01:00:00,09:15:00,6H15M,direct,914.80,ASIANA AIRLINES,,BKK,ICN
2020-08-10,2020-08-11,22:35:00,06:00:00,5H25M,direct,920.00,THAI AIRWAYS INTERNATIONAL,,BKK,ICN
2020-08-01,2020-08-01,01:30:00,06:00:00,4H30M,direct,430.00,SCOOT,,TPE,SIN
2020-08-01,2020-08-01,00:10:00,04:50:00,4H40M,direct,430.00,SCOOT,,TPE,SIN
2020-08-01,2020-08-01,15:50:00,20:30:00,4H40M,direct,430.00,SCOOT,,TPE,SIN
2020-08-01,2020-08-01,17:40:00,22:25:00,4H45M,direct,430.00,SCOOT,,TPE,SIN
2020-08-01,2020-08-01,15:25:00,20:15:00,4H50M,direct,464.00,JETSTAR ASIA,,TPE,SIN
2020-08-02,2020-08-03,23:40:00,04:20:00,4H40M,direct,430.00,SCOOT,,TPE,SIN
2020-08-02,2020-08-02,07:50:00,12:25:00,4H35M,direct,461.00,CHINA AIRLINES LTD.,,TPE,SIN
2020-08-02,2020-08-03,19:35:00,00:10:00,4H35M,direct,461.00,CHINA AIRLINES LTD.,,TPE,SIN
2020-08-02,2020-08-02,15:25:00,20:15:00,4H50M,direct,464.00,JETSTAR ASIA,,TPE,SIN
2020-08-02,2020-08-03,20:20:00,01:10:00,4H50M,direct,464.00,JETSTAR ASIA,,TPE,SIN
2020-08-03,2020-08-03,07:50:00,12:25:00,4H35M,direct,461.00,CHINA AIRLINES LTD.,,TPE,SIN
2020-08-03,2020-08-04,19:35:00,00:10:00,4H35M,direct,461.00,CHINA AIRLINES LTD.,,TPE,SIN
2020-08-03,2020-08-04,20:20:00,01:10:00,4H50M,direct,464.00,JETSTAR ASIA,,TPE,SIN
2020-08-03,2020-08-03,07:40:00,12:00:00,4H20M,direct,477.00,EVA AIR,,TPE,SIN
2020-08-03,2020-08-03,09:25:00,13:50:00,4H25M,direct,477.00,EVA AIR,,TPE,SIN
2020-08-04,2020-08-04,02:00:00,06:30:00,4H30M,direct,430.00,SCOOT,,TPE,SIN
2020-08-04,2020-08-04,00:10:00,04:50:00,4H40M,direct,430.00,SCOOT,,TPE,SIN
2020-08-04,2020-08-05,23:40:00,04:20:00,4H40M,direct,430.00,SCOOT,,TPE,SIN
2020-08-04,2020-08-04,07:50:00,12:25:00,4H35M,direct,461.00,CHINA AIRLINES LTD.,,TPE,SIN
2020-08-04,2020-08-05,19:35:00,00:10:00,4H35M,direct,461.00,CHINA AIRLINES LTD.,,TPE,SIN
2020-08-05,2020-08-05,00:10:00,04:50:00,4H40M,direct,430.00,SCOOT,,TPE,SIN
2020-08-05,2020-08-05,15:50:00,20:30:00,4H40M,direct,430.00,SCOOT,,TPE,SIN
2020-08-05,2020-08-05,07:50:00,12:25:00,4H35M,direct,461.00,CHINA AIRLINES LTD.,,TPE,SIN
2020-08-05,2020-08-06,19:35:00,00:10:00,4H35M,direct,461.00,CHINA AIRLINES LTD.,,TPE,SIN
2020-08-05,2020-08-05,15:25:00,20:15:00,4H50M,direct,464.00,JETSTAR ASIA,,TPE,SIN
2020-08-06,2020-08-06,01:30:00,06:00:00,4H30M,direct,430.00,SCOOT,,TPE,SIN
2020-08-06,2020-08-06,15:50:00,20:30:00,4H40M,direct,430.00,SCOOT,,TPE,SIN
2020-08-06,2020-08-07,23:40:00,04:20:00,4H40M,direct,430.00,SCOOT,,TPE,SIN
2020-08-06,2020-08-06,07:50:00,12:25:00,4H35M,direct,461.00,CHINA AIRLINES LTD.,,TPE,SIN
2020-08-06,2020-08-07,19:35:00,00:10:00,4H35M,direct,461.00,CHINA AIRLINES LTD.,,TPE,SIN
2020-08-07,2020-08-07,00:10:00,04:50:00,4H40M,direct,430.00,SCOOT,,TPE,SIN
2020-08-07,2020-08-07,07:50:00,12:25:00,4H35M,direct,461.00,CHINA AIRLINES LTD.,,TPE,SIN
2020-08-07,2020-08-08,19:35:00,00:10:00,4H35M,direct,461.00,CHINA AIRLINES LTD.,,TPE,SIN
2020-08-07,2020-08-08,20:20:00,01:10:00,4H50M,direct,464.00,JETSTAR ASIA,,TPE,SIN
2020-08-07,2020-08-07,15:50:00,20:30:00,4H40M,direct,468.00,SCOOT,,TPE,SIN
2020-08-08,2020-08-08,00:10:00,04:50:00,4H40M,direct,430.00,SCOOT,,TPE,SIN
2020-08-08,2020-08-08,15:50:00,20:30:00,4H40M,direct,430.00,SCOOT,,TPE,SIN
2020-08-08,2020-08-08,07:50:00,12:25:00,4H35M,direct,461.00,CHINA AIRLINES LTD.,,TPE,SIN
2020-08-08,2020-08-09,19:35:00,00:10:00,4H35M,direct,461.00,CHINA AIRLINES LTD.,,TPE,SIN
2020-08-08,2020-08-08,15:25:00,20:15:00,4H50M,direct,464.00,JETSTAR ASIA,,TPE,SIN
2020-08-09,2020-08-09,00:10:00,04:50:00,4H40M,direct,430.00,SCOOT,,TPE,SIN
2020-08-09,2020-08-09,07:50:00,12:25:00,4H35M,direct,461.00,CHINA AIRLINES LTD.,,TPE,SIN
2020-08-09,2020-08-10,19:35:00,00:10:00,4H35M,direct,461.00,CHINA AIRLINES LTD.,,TPE,SIN
2020-08-09,2020-08-09,15:25:00,20:15:00,4H50M,direct,464.00,JETSTAR ASIA,,TPE,SIN
2020-08-09,2020-08-09,07:40:00,12:00:00,4H20M,direct,477.00,EVA AIR,,TPE,SIN
2020-08-10,2020-08-10,07:50:00,12:25:00,4H35M,direct,461.00,CHINA AIRLINES LTD.,,TPE,SIN
2020-08-10,2020-08-11,19:35:00,00:10:00,4H35M,direct,461.00,CHINA AIRLINES LTD.,,TPE,SIN
2020-08-10,2020-08-10,07:40:00,12:00:00,4H20M,direct,477.00,EVA AIR,,TPE,SIN
2020-08-10,2020-08-10,09:25:00,13:50:00,4H25M,direct,477.00,EVA AIR,,TPE,SIN
2020-08-10,2020-08-10,01:30:00,06:00:00,4H30M,direct,766.00,SCOOT,,TPE,SIN
2020-08-01,2020-08-01,01:45:00,04:35:00,3H50M,direct,343.00,THAI LION AIR,,TPE,DMK
2020-08-01,2020-08-01,10:40:00,13:30:00,3H50M,direct,343.00,THAI LION AIR,,TPE,DMK
2020-08-01,2020-08-02,22:30:00,01:10:00,3H40M,direct,416.60,EVA AIR,,TPE,BKK
2020-08-01,2020-08-01,20:45:00,23:30:00,3H45M,direct,416.60,EVA AIR,,TPE,BKK
2020-08-01,2020-08-02,22:40:00,01:25:00,3H45M,direct,416.60,CHINA AIRLINES LTD.,,TPE,BKK
2020-08-02,2020-08-02,01:45:00,04:35:00,3H50M,direct,343.00,THAI LION AIR,,TPE,DMK
2020-08-02,2020-08-02,10:40:00,13:30:00,3H50M,direct,343.00,THAI LION AIR,,TPE,DMK
2020-08-02,2020-08-03,22:40:00,01:25:00,3H45M,direct,365.60,CHINA AIRLINES LTD.,,TPE,BKK
2020-08-02,2020-08-02,20:45:00,23:30:00,3H45M,direct,390.60,EVA AIR,,TPE,BKK
2020-08-02,2020-08-02,13:35:00,16:20:00,3H45M,direct,441.60,CHINA AIRLINES LTD.,,TPE,BKK
2020-08-03,2020-08-03,01:45:00,04:35:00,3H50M,direct,343.00,THAI LION AIR,,TPE,DMK
2020-08-03,2020-08-03,10:40:00,13:30:00,3H50M,direct,343.00,THAI LION AIR,,TPE,DMK
2020-08-03,2020-08-04,22:40:00,01:25:00,3H45M,direct,365.60,CHINA AIRLINES LTD.,,TPE,BKK
2020-08-03,2020-08-04,22:30:00,01:10:00,3H40M,direct,390.60,EVA AIR,,TPE,BKK
2020-08-03,2020-08-03,20:45:00,23:30:00,3H45M,direct,390.60,EVA AIR,,TPE,BKK
2020-08-04,2020-08-04,01:45:00,04:35:00,3H50M,direct,343.00,THAI LION AIR,,TPE,DMK
2020-08-04,2020-08-04,10:40:00,13:30:00,3H50M,direct,343.00,THAI LION AIR,,TPE,DMK
2020-08-04,2020-08-05,22:40:00,01:25:00,3H45M,direct,365.60,CHINA AIRLINES LTD.,,TPE,BKK
2020-08-04,2020-08-05,22:30:00,01:10:00,3H40M,direct,390.60,EVA AIR,,TPE,BKK
2020-08-04,2020-08-04,20:45:00,23:30:00,3H45M,direct,390.60,EVA AIR,,TPE,BKK
2020-08-05,2020-08-05,01:45:00,04:35:00,3H50M,direct,269.00,THAI LION AIR,,TPE,DMK
2020-08-05,2020-08-05,10:40:00,13:30:00,3H50M,direct,343.00,THAI LION AIR,,TPE,DMK
2020-08-05,2020-08-06,22:40:00,01:25:00,3H45M,direct,365.60,CHINA AIRLINES LTD.,,TPE,BKK
2020-08-05,2020-08-05,20:45:00,23:30:00,3H45M,direct,390.60,EVA AIR,,TPE,BKK
2020-08-05,2020-08-05,13:35:00,16:20:00,3H45M,direct,441.60,CHINA AIRLINES LTD.,,TPE,BKK
2020-08-06,2020-08-06,01:45:00,04:35:00,3H50M,direct,343.00,THAI LION AIR,,TPE,DMK
2020-08-06,2020-08-06,10:40:00,13:30:00,3H50M,direct,343.00,THAI LION AIR,,TPE,DMK
2020-08-06,2020-08-07,22:40:00,01:25:00,3H45M,direct,365.60,CHINA AIRLINES LTD.,,TPE,BKK
2020-08-06,2020-08-07,22:30:00,01:10:00,3H40M,direct,390.60,EVA AIR,,TPE,BKK
2020-08-06,2020-08-06,20:45:00,23:30:00,3H45M,direct,390.60,EVA AIR,,TPE,BKK
2020-08-07,2020-08-07,01:45:00,04:35:00,3H50M,direct,269.00,THAI LION AIR,,TPE,DMK
2020-08-07,2020-08-07,10:40:00,13:30:00,3H50M,direct,343.00,THAI LION AIR,,TPE,DMK
2020-08-07,2020-08-08,22:40:00,01:25:00,3H45M,direct,365.60,CHINA AIRLINES LTD.,,TPE,BKK
2020-08-07,2020-08-07,20:45:00,23:30:00,3H45M,direct,390.60,EVA AIR,,TPE,BKK
2020-08-07,2020-08-07,13:35:00,16:20:00,3H45M,direct,441.60,CHINA AIRLINES LTD.,,TPE,BKK
2020-08-08,2020-08-08,01:45:00,04:35:00,3H50M,direct,343.00,THAI LION AIR,,TPE,DMK
2020-08-08,2020-08-08,10:40:00,13:30:00,3H50M,direct,343.00,THAI LION AIR,,TPE,DMK
2020-08-08,2020-08-09,22:40:00,01:25:00,3H45M,direct,365.60,CHINA AIRLINES LTD.,,TPE,BKK
2020-08-08,2020-08-09,22:30:00,01:10:00,3H40M,direct,390.60,EVA AIR,,TPE,BKK
2020-08-08,2020-08-08,20:45:00,23:30:00,3H45M,direct,390.60,EVA AIR,,TPE,BKK
2020-08-09,2020-08-09,01:45:00,04:35:00,3H50M,direct,343.00,THAI LION AIR,,TPE,DMK
2020-08-09,2020-08-09,10:40:00,13:30:00,3H50M,direct,343.00,THAI LION AIR,,TPE,DMK
2020-08-09,2020-08-10,22:40:00,01:25:00,3H45M,direct,365.60,CHINA AIRLINES LTD.,,TPE,BKK
2020-08-09,2020-08-09,20:45:00,23:30:00,3H45M,direct,390.60,EVA AIR,,TPE,BKK
2020-08-09,2020-08-09,13:35:00,16:20:00,3H45M,direct,441.60,CHINA AIRLINES LTD.,,TPE,BKK
2020-08-10,2020-08-10,01:45:00,04:35:00,3H50M,direct,343.00,THAI LION AIR,,TPE,DMK
2020-08-10,2020-08-10,10:40:00,13:30:00,3H50M,direct,343.00,THAI LION AIR,,TPE,DMK
2020-08-10,2020-08-11,22:40:00,01:25:00,3H45M,direct,365.60,CHINA AIRLINES LTD.,,TPE,BKK
2020-08-10,2020-08-11,22:30:00,01:10:00,3H40M,direct,390.60,EVA AIR,,TPE,BKK
2020-08-10,2020-08-10,20:45:00,23:30:00,3H45M,direct,390.60,EVA AIR,,TPE,BKK
2020-08-01,2020-08-01,06:40:00,11:05:00,3H25M,direct,426.00,SCOOT,,TPE,NRT
2020-08-01,2020-08-01,15:00:00,19:25:00,3H25M,direct,464.00,SCOOT,,TPE,NRT
2020-08-01,2020-08-01,16:20:00,20:35:00,3H15M,direct,610.00,CHINA AIRLINES LTD.,,TPE,NRT
2020-08-01,2020-08-01,12:40:00,16:55:00,3H15M,direct,736.00,CHINA AIRLINES LTD.,,TPE,NRT
2020-08-01,2020-08-01,14:30:00,18:55:00,3H25M,direct,736.00,CHINA AIRLINES LTD.,,TPE,NRT
2020-08-02,2020-08-02,06:40:00,11:05:00,3H25M,direct,426.00,SCOOT,,TPE,NRT
2020-08-02,2020-08-02,18:05:00,22:05:00,3H,direct,650.00,CHINA AIRLINES LTD.,,TSA,HND
2020-08-02,2020-08-02,12:40:00,16:55:00,3H15M,direct,680.00,CHINA AIRLINES LTD.,,TPE,NRT
2020-08-02,2020-08-02,16:20:00,20:35:00,3H15M,direct,736.00,CHINA AIRLINES LTD.,,TPE,NRT
2020-08-02,2020-08-02,14:30:00,18:55:00,3H25M,direct,736.00,CHINA AIRLINES LTD.,,TPE,NRT
2020-08-03,2020-08-03,06:40:00,11:05:00,3H25M,direct,426.00,SCOOT,,TPE,NRT
2020-08-03,2020-08-03,15:00:00,19:25:00,3H25M,direct,464.00,SCOOT,,TPE,NRT
2020-08-03,2020-08-03,12:40:00,16:55:00,3H15M,direct,610.00,CHINA AIRLINES LTD.,,TPE,NRT
2020-08-03,2020-08-03,09:00:00,13:10:00,3H10M,direct,710.00,CHINA AIRLINES LTD.,,TSA,HND
2020-08-03,2020-08-03,16:20:00,20:35:00,3H15M,direct,736.00,CHINA AIRLINES LTD.,,TPE,NRT
2020-08-04,2020-08-04,06:40:00,11:05:00,3H25M,direct,426.00,SCOOT,,TPE,NRT
2020-08-04,2020-08-04,15:00:00,19:25:00,3H25M,direct,464.00,SCOOT,,TPE,NRT
2020-08-04,2020-08-04,12:40:00,16:55:00,3H15M,direct,610.00,CHINA AIRLINES LTD.,,TPE,NRT
2020-08-04,2020-08-04,14:30:00,18:55:00,3H25M,direct,610.00,CHINA AIRLINES LTD.,,TPE,NRT
2020-08-04,2020-08-04,08:50:00,13:15:00,3H25M,direct,661.00,CHINA AIRLINES LTD.,,TPE,NRT
2020-08-05,2020-08-05,06:40:00,11:05:00,3H25M,direct,426.00,SCOOT,,TPE,NRT
2020-08-05,2020-08-05,12:40:00,16:55:00,3H15M,direct,486.00,CHINA AIRLINES LTD.,,TPE,NRT
2020-08-05,2020-08-05,15:20:00,19:40:00,3H20M,direct,551.00,EVA AIR,,TPE,NRT
2020-08-05,2020-08-05,08:50:00,13:15:00,3H25M,direct,561.00,CHINA AIRLINES LTD.,,TPE,NRT
2020-08-05,2020-08-05,14:30:00,18:55:00,3H25M,direct,580.00,CHINA AIRLINES LTD.,,TPE,NRT
2020-08-06,2020-08-06,06:40:00,11:05:00,3H25M,direct,426.00,SCOOT,,TPE,NRT
2020-08-06,2020-08-06,15:00:00,19:25:00,3H25M,direct,464.00,SCOOT,,TPE,NRT
2020-08-06,2020-08-06,12:40:00,16:55:00,3H15M,direct,526.00,CHINA AIRLINES LTD.,,TPE,NRT
2020-08-06,2020-08-06,15:20:00,19:40:00,3H20M,direct,551.00,EVA AIR,,TPE,NRT
2020-08-06,2020-08-06,14:30:00,18:55:00,3H25M,direct,551.00,CHINA AIRLINES LTD.,,TPE,NRT
2020-08-07,2020-08-07,06:40:00,11:05:00,3H25M,direct,426.00,SCOOT,,TPE,NRT
2020-08-07,2020-08-07,15:00:00,19:30:00,3H30M,direct,464.00,SCOOT,,TPE,NRT
2020-08-07,2020-08-07,12:40:00,16:55:00,3H15M,direct,551.00,CHINA AIRLINES LTD.,,TPE,NRT
2020-08-07,2020-08-07,14:30:00,18:55:00,3H25M,direct,551.00,CHINA AIRLINES LTD.,,TPE,NRT
2020-08-07,2020-08-07,15:20:00,19:40:00,3H20M,direct,551.00,EVA AIR,,TPE,NRT
2020-08-08,2020-08-08,06:40:00,11:05:00,3H25M,direct,426.00,SCOOT,,TPE,NRT
2020-08-08,2020-08-08,12:40:00,16:55:00,3H15M,direct,551.00,CHINA AIRLINES LTD.,,TPE,NRT
2020-08-08,2020-08-08,15:20:00,19:40:00,3H20M,direct,551.00,EVA AIR,,TPE,NRT
2020-08-08,2020-08-08,14:30:00,18:55:00,3H25M,direct,580.00,CHINA AIRLINES LTD.,,TPE,NRT
2020-08-08,2020-08-08,16:00:00,19:55:00,2H55M,direct,610.00,EVA AIR,,TSA,HND
2020-08-09,2020-08-09,06:40:00,11:05:00,3H25M,direct,426.00,SCOOT,,TPE,NRT
2020-08-09,2020-08-09,12:40:00,16:55:00,3H15M,direct,526.00,CHINA AIRLINES LTD.,,TPE,NRT
2020-08-09,2020-08-09,08:50:00,13:15:00,3H25M,direct,561.00,CHINA AIRLINES LTD.,,TPE,NRT
2020-08-09,2020-08-09,14:30:00,18:55:00,3H25M,direct,580.00,CHINA AIRLINES LTD.,,TPE,NRT
2020-08-09,2020-08-09,16:00:00,19:55:00,2H55M,direct,610.00,EVA AIR,,TSA,HND
2020-08-10,2020-08-10,12:40:00,16:55:00,3H15M,direct,486.00,CHINA AIRLINES LTD.,,TPE,NRT
2020-08-10,2020-08-10,06:40:00,11:05:00,3H25M,direct,522.00,SCOOT,,TPE,NRT
2020-08-10,2020-08-10,15:20:00,19:40:00,3H20M,direct,551.00,EVA AIR,,TPE,NRT
2020-08-10,2020-08-10,08:50:00,13:15:00,3H25M,direct,561.00,CHINA AIRLINES LTD.,,TPE,NRT
2020-08-10,2020-08-10,14:30:00,18:55:00,3H25M,direct,580.00,CHINA AIRLINES LTD.,,TPE,NRT
2020-08-01,2020-08-01,11:50:00,15:25:00,2H35M,direct,350.60,HAHN AIR SYSTEMS,,TPE,ICN
2020-08-01,2020-08-01,13:10:00,16:40:00,2H30M,direct,521.00,CHINA AIRLINES LTD.,,TPE,ICN
2020-08-01,2020-08-01,16:10:00,19:45:00,2H35M,direct,521.00,CHINA AIRLINES LTD.,,TPE,ICN
2020-08-01,2020-08-01,07:40:00,11:10:00,2H30M,direct,610.00,CHINA AIRLINES LTD.,,TPE,ICN
2020-08-01,2020-08-01,13:10:00,16:40:00,2H30M,direct,610.00,KOREAN AIR,,TPE,ICN
2020-08-02,2020-08-02,11:50:00,15:25:00,2H35M,direct,350.60,HAHN AIR SYSTEMS,,TPE,ICN
2020-08-02,2020-08-02,18:00:00,21:35:00,2H35M,direct,384.00,SCOOT,,TPE,ICN
2020-08-02,2020-08-02,10:30:00,13:55:00,2H25M,direct,581.00,EASTAR JET,,TPE,ICN
2020-08-02,2020-08-02,07:40:00,11:10:00,2H30M,direct,610.00,CHINA AIRLINES LTD.,,TPE,ICN
2020-08-02,2020-08-02,07:40:00,11:10:00,2H30M,direct,610.00,KOREAN AIR,,TPE,ICN
2020-08-03,2020-08-03,11:50:00,15:25:00,2H35M,direct,350.60,HAHN AIR SYSTEMS,,TPE,ICN
2020-08-03,2020-08-03,18:20:00,21:55:00,2H35M,direct,392.00,SCOOT,,TPE,ICN
2020-08-03,2020-08-03,10:30:00,13:55:00,2H25M,direct,482.00,EASTAR JET,,TPE,ICN
2020-08-03,2020-08-03,16:10:00,19:45:00,2H35M,direct,521.00,CHINA AIRLINES LTD.,,TPE,ICN
2020-08-03,2020-08-03,07:40:00,11:10:00,2H30M,direct,610.00,CHINA AIRLINES LTD.,,TPE,ICN
2020-08-04,2020-08-04,11:50:00,15:25:00,2H35M,direct,350.60,HAHN AIR SYSTEMS,,TPE,ICN
2020-08-04,2020-08-04,16:10:00,19:45:00,2H35M,direct,521.00,CHINA AIRLINES LTD.,,TPE,ICN
2020-08-04,2020-08-04,12:50:00,16:15:00,2H25M,direct,599.60,THAI AIRWAYS INTERNATIONAL,,TPE,ICN
2020-08-04,2020-08-04,07:40:00,11:10:00,2H30M,direct,610.00,CHINA AIRLINES LTD.,,TPE,ICN
2020-08-04,2020-08-04,07:40:00,11:10:00,2H30M,direct,610.00,KOREAN AIR,,TPE,ICN
2020-08-05,2020-08-05,11:50:00,15:25:00,2H35M,direct,350.60,HAHN AIR SYSTEMS,,TPE,ICN
2020-08-05,2020-08-05,18:00:00,21:35:00,2H35M,direct,384.00,SCOOT,,TPE,ICN
2020-08-05,2020-08-05,10:30:00,13:55:00,2H25M,direct,482.00,EASTAR JET,,TPE,ICN
2020-08-05,2020-08-05,13:10:00,16:40:00,2H30M,direct,512.00,CHINA AIRLINES LTD.,,TPE,ICN
2020-08-05,2020-08-05,16:50:00,20:25:00,2H35M,direct,512.00,CHINA AIRLINES LTD.,,TPE,ICN
2020-08-06,2020-08-06,11:50:00,15:25:00,2H35M,direct,350.60,HAHN AIR SYSTEMS,,TPE,ICN
2020-08-06,2020-08-06,16:50:00,20:25:00,2H35M,direct,512.00,CHINA AIRLINES LTD.,,TPE,ICN
2020-08-06,2020-08-06,07:40:00,11:10:00,2H30M,direct,580.00,CHINA AIRLINES LTD.,,TPE,ICN
2020-08-06,2020-08-06,20:25:00,23:55:00,2H30M,direct,591.00,EVA AIR,,TPE,ICN
2020-08-06,2020-08-06,12:50:00,16:15:00,2H25M,direct,599.60,THAI AIRWAYS INTERNATIONAL,,TPE,ICN
2020-08-07,2020-08-07,11:50:00,15:25:00,2H35M,direct,350.60,HAHN AIR SYSTEMS,,TPE,ICN
2020-08-07,2020-08-07,18:00:00,21:35:00,2H35M,direct,384.00,SCOOT,,TPE,ICN
2020-08-07,2020-08-07,10:30:00,13:55:00,2H25M,direct,482.00,EASTAR JET,,TPE,ICN
2020-08-07,2020-08-07,16:10:00,19:45:00,2H35M,direct,512.00,CHINA AIRLINES LTD.,,TPE,ICN
2020-08-07,2020-08-07,07:40:00,11:10:00,2H30M,direct,580.00,CHINA AIRLINES LTD.,,TPE,ICN
2020-08-08,2020-08-08,11:50:00,15:25:00,2H35M,direct,350.60,HAHN AIR SYSTEMS,,TPE,ICN
2020-08-08,2020-08-08,13:10:00,16:40:00,2H30M,direct,512.00,CHINA AIRLINES LTD.,,TPE,ICN
2020-08-08,2020-08-08,16:10:00,19:45:00,2H35M,direct,512.00,CHINA AIRLINES LTD.,,TPE,ICN
2020-08-08,2020-08-08,07:40:00,11:10:00,2H30M,direct,580.00,CHINA AIRLINES LTD.,,TPE,ICN
2020-08-08,2020-08-08,20:25:00,23:55:00,2H30M,direct,591.00,EVA AIR,,TPE,ICN
2020-08-09,2020-08-09,11:50:00,15:25:00,2H35M,direct,350.60,HAHN AIR SYSTEMS,,TPE,ICN
2020-08-09,2020-08-09,18:00:00,21:35:00,2H35M,direct,384.00,SCOOT,,TPE,ICN
2020-08-09,2020-08-09,16:30:00,19:50:00,2H20M,direct,547.20,ASIANA AIRLINES,,TPE,ICN
2020-08-09,2020-08-09,12:55:00,16:30:00,2H35M,direct,547.20,ASIANA AIRLINES,,TPE,ICN
2020-08-09,2020-08-09,10:30:00,13:55:00,2H25M,direct,548.00,EASTAR JET,,TPE,ICN
2020-08-10,2020-08-10,11:50:00,15:25:00,2H35M,direct,350.60,HAHN AIR SYSTEMS,,TPE,ICN
2020-08-10,2020-08-10,18:20:00,21:55:00,2H35M,direct,384.00,SCOOT,,TPE,ICN
2020-08-10,2020-08-10,10:30:00,13:55:00,2H25M,direct,506.00,EASTAR JET,,TPE,ICN
2020-08-10,2020-08-10,16:30:00,19:50:00,2H20M,direct,547.20,ASIANA AIRLINES,,TPE,ICN
2020-08-10,2020-08-10,12:55:00,16:30:00,2H35M,direct,547.20,ASIANA AIRLINES,,TPE,ICN
2020-08-01,2020-08-01,02:05:00,08:00:00,6H55M,direct,5069.80,SINGAPORE AIRLINES,,HND,SIN
2020-08-01,2020-08-01,09:15:00,15:15:00,7H,direct,5069.80,SINGAPORE AIRLINES,,HND,SIN
2020-08-01,2020-08-01,17:05:00,23:05:00,7H,direct,5069.80,SINGAPORE AIRLINES,,HND,SIN
2020-08-01,2020-08-02,22:55:00,04:55:00,7H,direct,5069.80,SINGAPORE AIRLINES,,HND,SIN
2020-08-01,2020-08-01,11:10:00,17:20:00,7H10M,direct,5071.70,SINGAPORE AIRLINES,,NRT,SIN
2020-08-02,2020-08-02,02:05:00,08:00:00,6H55M,direct,5069.80,SINGAPORE AIRLINES,,HND,SIN
2020-08-02,2020-08-02,09:15:00,15:15:00,7H,direct,5069.80,SINGAPORE AIRLINES,,HND,SIN
2020-08-02,2020-08-02,17:05:00,23:05:00,7H,direct,5069.80,SINGAPORE AIRLINES,,HND,SIN
2020-08-02,2020-08-03,22:55:00,04:55:00,7H,direct,5069.80,SINGAPORE AIRLINES,,HND,SIN
2020-08-02,2020-08-02,11:10:00,17:20:00,7H10M,direct,5071.70,SINGAPORE AIRLINES,,NRT,SIN
2020-08-03,2020-08-03,02:05:00,08:00:00,6H55M,direct,5069.80,SINGAPORE AIRLINES,,HND,SIN
2020-08-03,2020-08-03,09:15:00,15:15:00,7H,direct,5069.80,SINGAPORE AIRLINES,,HND,SIN
2020-08-03,2020-08-03,17:05:00,23:05:00,7H,direct,5069.80,SINGAPORE AIRLINES,,HND,SIN
2020-08-03,2020-08-04,22:55:00,04:55:00,7H,direct,5069.80,SINGAPORE AIRLINES,,HND,SIN
2020-08-03,2020-08-03,11:10:00,17:20:00,7H10M,direct,5071.70,SINGAPORE AIRLINES,,NRT,SIN
2020-08-04,2020-08-04,02:05:00,08:00:00,6H55M,direct,5069.80,SINGAPORE AIRLINES,,HND,SIN
2020-08-04,2020-08-04,09:15:00,15:15:00,7H,direct,5069.80,SINGAPORE AIRLINES,,HND,SIN
2020-08-04,2020-08-04,17:05:00,23:05:00,7H,direct,5069.80,SINGAPORE AIRLINES,,HND,SIN
2020-08-04,2020-08-05,22:55:00,04:55:00,7H,direct,5069.80,SINGAPORE AIRLINES,,HND,SIN
2020-08-04,2020-08-04,11:10:00,17:20:00,7H10M,direct,5071.70,SINGAPORE AIRLINES,,NRT,SIN
2020-08-05,2020-08-05,02:05:00,08:00:00,6H55M,direct,5069.80,SINGAPORE AIRLINES,,HND,SIN
2020-08-05,2020-08-05,09:15:00,15:15:00,7H,direct,5069.80,SINGAPORE AIRLINES,,HND,SIN
2020-08-05,2020-08-05,17:05:00,23:05:00,7H,direct,5069.80,SINGAPORE AIRLINES,,HND,SIN
2020-08-05,2020-08-06,22:55:00,04:55:00,7H,direct,5069.80,SINGAPORE AIRLINES,,HND,SIN
2020-08-05,2020-08-05,11:10:00,17:20:00,7H10M,direct,5071.70,SINGAPORE AIRLINES,,NRT,SIN
2020-08-06,2020-08-06,02:05:00,08:00:00,6H55M,direct,5069.80,SINGAPORE AIRLINES,,HND,SIN
2020-08-06,2020-08-06,09:15:00,15:15:00,7H,direct,5069.80,SINGAPORE AIRLINES,,HND,SIN
2020-08-06,2020-08-06,17:05:00,23:05:00,7H,direct,5069.80,SINGAPORE AIRLINES,,HND,SIN
2020-08-06,2020-08-07,22:55:00,04:55:00,7H,direct,5069.80,SINGAPORE AIRLINES,,HND,SIN
2020-08-06,2020-08-06,11:10:00,17:20:00,7H10M,direct,5071.70,SINGAPORE AIRLINES,,NRT,SIN
2020-08-07,2020-08-07,02:05:00,08:00:00,6H55M,direct,5069.80,SINGAPORE AIRLINES,,HND,SIN
2020-08-07,2020-08-07,09:15:00,15:15:00,7H,direct,5069.80,SINGAPORE AIRLINES,,HND,SIN
2020-08-07,2020-08-07,17:05:00,23:05:00,7H,direct,5069.80,SINGAPORE AIRLINES,,HND,SIN
2020-08-07,2020-08-08,22:55:00,04:55:00,7H,direct,5069.80,SINGAPORE AIRLINES,,HND,SIN
2020-08-07,2020-08-07,11:10:00,17:20:00,7H10M,direct,5071.70,SINGAPORE AIRLINES,,NRT,SIN
2020-08-08,2020-08-08,02:05:00,08:00:00,6H55M,direct,5069.80,SINGAPORE AIRLINES,,HND,SIN
2020-08-08,2020-08-08,09:15:00,15:15:00,7H,direct,5069.80,SINGAPORE AIRLINES,,HND,SIN
2020-08-08,2020-08-08,17:05:00,23:05:00,7H,direct,5069.80,SINGAPORE AIRLINES,,HND,SIN
2020-08-08,2020-08-09,22:55:00,04:55:00,7H,direct,5069.80,SINGAPORE AIRLINES,,HND,SIN
2020-08-08,2020-08-08,11:10:00,17:20:00,7H10M,direct,5071.70,SINGAPORE AIRLINES,,NRT,SIN
2020-08-09,2020-08-09,02:05:00,08:00:00,6H55M,direct,5069.80,SINGAPORE AIRLINES,,HND,SIN
2020-08-09,2020-08-09,09:15:00,15:15:00,7H,direct,5069.80,SINGAPORE AIRLINES,,HND,SIN
2020-08-09,2020-08-09,17:05:00,23:05:00,7H,direct,5069.80,SINGAPORE AIRLINES,,HND,SIN
2020-08-09,2020-08-10,22:55:00,04:55:00,7H,direct,5069.80,SINGAPORE AIRLINES,,HND,SIN
2020-08-09,2020-08-09,11:10:00,17:20:00,7H10M,direct,5071.70,SINGAPORE AIRLINES,,NRT,SIN
2020-08-10,2020-08-10,02:05:00,08:00:00,6H55M,direct,5069.80,SINGAPORE AIRLINES,,HND,SIN
2020-08-10,2020-08-10,09:15:00,15:15:00,7H,direct,5069.80,SINGAPORE AIRLINES,,HND,SIN
2020-08-10,2020-08-10,17:05:00,23:05:00,7H,direct,5069.80,SINGAPORE AIRLINES,,HND,SIN
2020-08-10,2020-08-11,22:55:00,04:55:00,7H,direct,5069.80,SINGAPORE AIRLINES,,HND,SIN
2020-08-10,2020-08-10,11:10:00,17:20:00,7H10M,direct,5071.70,SINGAPORE AIRLINES,,NRT,SIN
2020-08-01,2020-08-01,10:40:00,15:25:00,6H45M,direct,498.70,THAI LION AIR,,NRT,DMK
2020-08-01,2020-08-01,10:05:00,15:00:00,6H55M,direct,544.70,SCOOT,,NRT,DMK
2020-08-01,2020-08-01,13:55:00,18:25:00,6H30M,direct,942.10,NOKSCOOT AIRLINES,,NRT,DMK
2020-08-01,2020-08-01,13:55:00,18:25:00,6H30M,direct,1081.40,HAHN AIR SYSTEMS,,NRT,DMK
2020-08-01,2020-08-01,00:40:00,05:00:00,6H20M,direct,1333.00,BANGKOK AIRWAYS,,HND,BKK
2020-08-02,2020-08-02,10:40:00,15:25:00,6H45M,direct,498.70,THAI LION AIR,,NRT,DMK
2020-08-02,2020-08-02,10:05:00,15:00:00,6H55M,direct,544.70,SCOOT,,NRT,DMK
2020-08-02,2020-08-02,13:55:00,18:25:00,6H30M,direct,942.10,NOKSCOOT AIRLINES,,NRT,DMK
2020-08-02,2020-08-02,13:55:00,18:25:00,6H30M,direct,1081.40,HAHN AIR SYSTEMS,,NRT,DMK
2020-08-02,2020-08-02,00:40:00,05:00:00,6H20M,direct,1333.00,BANGKOK AIRWAYS,,HND,BKK
2020-08-03,2020-08-03,10:05:00,15:00:00,6H55M,direct,544.70,SCOOT,,NRT,DMK
2020-08-03,2020-08-03,10:40:00,15:25:00,6H45M,direct,604.70,THAI LION AIR,,NRT,DMK
2020-08-03,2020-08-03,13:55:00,18:25:00,6H30M,direct,654.10,NOKSCOOT AIRLINES,,NRT,DMK
2020-08-03,2020-08-03,13:55:00,18:25:00,6H30M,direct,775.40,HAHN AIR SYSTEMS,,NRT,DMK
2020-08-03,2020-08-03,00:40:00,05:00:00,6H20M,direct,1333.00,BANGKOK AIRWAYS,,HND,BKK
2020-08-04,2020-08-04,10:40:00,15:25:00,6H45M,direct,498.70,THAI LION AIR,,NRT,DMK
2020-08-04,2020-08-04,10:05:00,15:00:00,6H55M,direct,544.70,SCOOT,,NRT,DMK
2020-08-04,2020-08-04,13:55:00,18:25:00,6H30M,direct,576.10,NOKSCOOT AIRLINES,,NRT,DMK
2020-08-04,2020-08-04,13:55:00,18:25:00,6H30M,direct,691.40,HAHN AIR SYSTEMS,,NRT,DMK
2020-08-04,2020-08-04,00:40:00,05:00:00,6H20M,direct,1333.00,BANGKOK AIRWAYS,,HND,BKK
2020-08-05,2020-08-05,10:40:00,15:25:00,6H45M,direct,498.70,THAI LION AIR,,NRT,DMK
2020-08-05,2020-08-05,10:05:00,15:00:00,6H55M,direct,544.70,SCOOT,,NRT,DMK
2020-08-05,2020-08-05,13:55:00,18:25:00,6H30M,direct,576.10,NOKSCOOT AIRLINES,,NRT,DMK
2020-08-05,2020-08-05,13:55:00,18:25:00,6H30M,direct,691.40,HAHN AIR SYSTEMS,,NRT,DMK
2020-08-05,2020-08-05,00:40:00,05:00:00,6H20M,direct,1333.00,BANGKOK AIRWAYS,,HND,BKK
2020-08-06,2020-08-06,10:40:00,15:25:00,6H45M,direct,498.70,THAI LION AIR,,NRT,DMK
2020-08-06,2020-08-06,10:05:00,15:00:00,6H55M,direct,544.70,SCOOT,,NRT,DMK
2020-08-06,2020-08-06,13:55:00,18:25:00,6H30M,direct,942.10,NOKSCOOT AIRLINES,,NRT,DMK
2020-08-06,2020-08-06,13:55:00,18:25:00,6H30M,direct,1081.40,HAHN AIR SYSTEMS,,NRT,DMK
2020-08-06,2020-08-06,00:40:00,05:00:00,6H20M,direct,1333.00,BANGKOK AIRWAYS,,HND,BKK
2020-08-07,2020-08-07,10:05:00,15:00:00,6H55M,direct,544.70,SCOOT,,NRT,DMK
2020-08-07,2020-08-07,10:40:00,15:25:00,6H45M,direct,710.70,THAI LION AIR,,NRT,DMK
2020-08-07,2020-08-07,10:50:00,15:20:00,6H30M,direct,1728.70,THAI AIRWAYS INTERNATIONAL,,NRT,BKK
2020-08-07,2020-08-07,12:00:00,16:30:00,6H30M,direct,1728.70,THAI AIRWAYS INTERNATIONAL,,NRT,BKK
2020-08-07,2020-08-07,17:25:00,21:55:00,6H30M,direct,1728.70,THAI AIRWAYS INTERNATIONAL,,NRT,BKK
2020-08-08,2020-08-08,10:40:00,15:25:00,6H45M,direct,804.70,THAI LION AIR,,NRT,DMK
2020-08-08,2020-08-08,10:05:00,15:00:00,6H55M,direct,1436.70,SCOOT,,NRT,DMK
2020-08-08,2020-08-08,17:25:00,21:55:00,6H30M,direct,1728.70,THAI AIRWAYS INTERNATIONAL,,NRT,BKK
2020-08-08,2020-08-08,00:20:00,04:50:00,6H30M,direct,1781.80,THAI AIRWAYS INTERNATIONAL,,HND,BKK
2020-08-08,2020-08-08,13:55:00,18:25:00,6H30M,direct,1934.10,NOKSCOOT AIRLINES,,NRT,DMK
2020-08-09,2020-08-09,10:40:00,15:25:00,6H45M,direct,710.70,THAI LION AIR,,NRT,DMK
2020-08-09,2020-08-09,10:05:00,15:00:00,6H55M,direct,1436.70,SCOOT,,NRT,DMK
2020-08-09,2020-08-09,12:00:00,16:30:00,6H30M,direct,1728.70,THAI AIRWAYS INTERNATIONAL,,NRT,BKK
2020-08-09,2020-08-09,17:25:00,21:55:00,6H30M,direct,1728.70,THAI AIRWAYS INTERNATIONAL,,NRT,BKK
2020-08-09,2020-08-09,00:20:00,04:50:00,6H30M,direct,1781.80,THAI AIRWAYS INTERNATIONAL,,HND,BKK
2020-08-10,2020-08-10,10:40:00,15:25:00,6H45M,direct,604.70,THAI LION AIR,,NRT,DMK
2020-08-10,2020-08-10,10:05:00,15:00:00,6H55M,direct,1436.70,SCOOT,,NRT,DMK
2020-08-10,2020-08-10,10:50:00,15:20:00,6H30M,direct,1728.70,THAI AIRWAYS INTERNATIONAL,,NRT,BKK
2020-08-10,2020-08-10,12:00:00,16:30:00,6H30M,direct,1728.70,THAI AIRWAYS INTERNATIONAL,,NRT,BKK
2020-08-10,2020-08-10,17:25:00,21:55:00,6H30M,direct,1728.70,THAI AIRWAYS INTERNATIONAL,,NRT,BKK
2020-08-01,2020-08-01,12:05:00,14:50:00,3H45M,direct,444.10,SCOOT,,NRT,TPE
2020-08-01,2020-08-01,20:25:00,23:10:00,3H45M,direct,470.10,SCOOT,,NRT,TPE
2020-08-01,2020-08-01,20:05:00,22:50:00,3H45M,direct,761.30,CHINA AIRLINES LTD.,,NRT,TPE
2020-08-01,2020-08-01,07:55:00,10:35:00,3H40M,direct,815.40,CHINA AIRLINES LTD.,,HND,TSA
2020-08-01,2020-08-01,09:25:00,12:10:00,3H45M,direct,817.30,CHINA AIRLINES LTD.,,NRT,TPE
2020-08-02,2020-08-02,12:05:00,14:50:00,3H45M,direct,444.10,SCOOT,,NRT,TPE
2020-08-02,2020-08-02,07:55:00,10:35:00,3H40M,direct,703.40,CHINA AIRLINES LTD.,,HND,TSA
2020-08-02,2020-08-02,18:20:00,21:10:00,3H50M,direct,761.30,CHINA AIRLINES LTD.,,NRT,TPE
2020-08-02,2020-08-02,09:25:00,12:10:00,3H45M,direct,817.30,CHINA AIRLINES LTD.,,NRT,TPE
2020-08-02,2020-08-02,20:05:00,22:50:00,3H45M,direct,817.30,CHINA AIRLINES LTD.,,NRT,TPE
2020-08-03,2020-08-03,12:05:00,14:50:00,3H45M,direct,444.10,SCOOT,,NRT,TPE
2020-08-03,2020-08-03,20:25:00,23:10:00,3H45M,direct,470.10,SCOOT,,NRT,TPE
2020-08-03,2020-08-03,07:55:00,10:35:00,3H40M,direct,703.40,CHINA AIRLINES LTD.,,HND,TSA
2020-08-03,2020-08-03,20:05:00,22:50:00,3H45M,direct,705.30,CHINA AIRLINES LTD.,,NRT,TPE
2020-08-03,2020-08-03,18:20:00,21:10:00,3H50M,direct,705.30,CHINA AIRLINES LTD.,,NRT,TPE
2020-08-04,2020-08-04,12:05:00,14:50:00,3H45M,direct,444.10,SCOOT,,NRT,TPE
2020-08-04,2020-08-04,20:25:00,23:10:00,3H45M,direct,470.10,SCOOT,,NRT,TPE
2020-08-04,2020-08-04,07:55:00,10:35:00,3H40M,direct,703.40,CHINA AIRLINES LTD.,,HND,TSA
2020-08-04,2020-08-04,14:30:00,17:20:00,3H50M,direct,705.30,CHINA AIRLINES LTD.,,NRT,TPE
2020-08-04,2020-08-04,18:20:00,21:10:00,3H50M,direct,705.30,CHINA AIRLINES LTD.,,NRT,TPE
2020-08-05,2020-08-05,12:05:00,14:50:00,3H45M,direct,444.10,SCOOT,,NRT,TPE
2020-08-05,2020-08-05,07:55:00,10:35:00,3H40M,direct,703.40,CHINA AIRLINES LTD.,,HND,TSA
2020-08-05,2020-08-05,14:30:00,17:20:00,3H50M,direct,705.30,CHINA AIRLINES LTD.,,NRT,TPE
2020-08-05,2020-08-05,18:20:00,21:10:00,3H50M,direct,705.30,CHINA AIRLINES LTD.,,NRT,TPE
2020-08-05,2020-08-05,20:05:00,22:50:00,3H45M,direct,733.30,CHINA AIRLINES LTD.,,NRT,TPE
2020-08-06,2020-08-06,12:05:00,14:50:00,3H45M,direct,444.10,SCOOT,,NRT,TPE
2020-08-06,2020-08-06,20:25:00,23:10:00,3H45M,direct,470.10,SCOOT,,NRT,TPE
2020-08-06,2020-08-06,07:55:00,10:35:00,3H40M,direct,703.40,CHINA AIRLINES LTD.,,HND,TSA
2020-08-06,2020-08-06,20:05:00,22:50:00,3H45M,direct,705.30,CHINA AIRLINES LTD.,,NRT,TPE
2020-08-06,2020-08-06,14:30:00,17:20:00,3H50M,direct,705.30,CHINA AIRLINES LTD.,,NRT,TPE
2020-08-07,2020-08-07,12:05:00,14:50:00,3H45M,direct,444.10,SCOOT,,NRT,TPE
2020-08-07,2020-08-07,20:30:00,23:10:00,3H40M,direct,470.10,SCOOT,,NRT,TPE
2020-08-07,2020-08-07,07:55:00,10:35:00,3H40M,direct,703.40,CHINA AIRLINES LTD.,,HND,TSA
2020-08-07,2020-08-07,14:30:00,17:20:00,3H50M,direct,705.30,CHINA AIRLINES LTD.,,NRT,TPE
2020-08-07,2020-08-07,18:20:00,21:10:00,3H50M,direct,705.30,CHINA AIRLINES LTD.,,NRT,TPE
2020-08-08,2020-08-08,12:05:00,14:50:00,3H45M,direct,816.10,SCOOT,,NRT,TPE
2020-08-08,2020-08-08,20:25:00,23:10:00,3H45M,direct,896.10,SCOOT,,NRT,TPE
2020-08-08,2020-08-08,07:55:00,10:35:00,3H40M,direct,996.40,CHINA AIRLINES LTD.,,HND,TSA
2020-08-08,2020-08-08,20:05:00,22:50:00,3H45M,direct,998.30,CHINA AIRLINES LTD.,,NRT,TPE
2020-08-08,2020-08-08,14:30:00,17:20:00,3H50M,direct,998.30,CHINA AIRLINES LTD.,,NRT,TPE
2020-08-09,2020-08-09,12:05:00,14:50:00,3H45M,direct,816.10,SCOOT,,NRT,TPE
2020-08-09,2020-08-09,07:55:00,10:35:00,3H40M,direct,996.40,CHINA AIRLINES LTD.,,HND,TSA
2020-08-09,2020-08-09,20:05:00,22:50:00,3H45M,direct,998.30,CHINA AIRLINES LTD.,,NRT,TPE
2020-08-09,2020-08-09,14:30:00,17:20:00,3H50M,direct,998.30,CHINA AIRLINES LTD.,,NRT,TPE
2020-08-09,2020-08-09,18:20:00,21:10:00,3H50M,direct,998.30,CHINA AIRLINES LTD.,,NRT,TPE
2020-08-10,2020-08-10,12:05:00,14:50:00,3H45M,direct,816.10,SCOOT,,NRT,TPE
2020-08-10,2020-08-10,20:25:00,23:10:00,3H45M,direct,816.10,SCOOT,,NRT,TPE
2020-08-10,2020-08-10,14:30:00,17:20:00,3H50M,direct,886.30,CHINA AIRLINES LTD.,,NRT,TPE
2020-08-10,2020-08-10,07:55:00,10:35:00,3H40M,direct,996.40,CHINA AIRLINES LTD.,,HND,TSA
2020-08-10,2020-08-10,20:05:00,22:50:00,3H45M,direct,998.30,CHINA AIRLINES LTD.,,NRT,TPE
2020-08-01,2020-08-01,20:30:00,23:35:00,3H5M,direct,300.90,HAHN AIR SYSTEMS,,NRT,ICN
2020-08-01,2020-08-01,19:40:00,22:40:00,3H,direct,381.30,HAHN AIR SYSTEMS,,NRT,ICN
2020-08-01,2020-08-01,12:00:00,14:40:00,2H40M,direct,428.30,HAHN AIR SYSTEMS,,NRT,ICN
2020-08-01,2020-08-01,10:50:00,13:35:00,2H45M,direct,448.70,EASTAR JET,,NRT,ICN
2020-08-01,2020-08-01,18:30:00,21:15:00,2H45M,direct,448.70,EASTAR JET,,NRT,ICN
2020-08-02,2020-08-02,20:30:00,23:35:00,3H5M,direct,300.90,HAHN AIR SYSTEMS,,NRT,ICN
2020-08-02,2020-08-02,19:40:00,22:40:00,3H,direct,381.30,HAHN AIR SYSTEMS,,NRT,ICN
2020-08-02,2020-08-02,12:00:00,14:40:00,2H40M,direct,428.30,HAHN AIR SYSTEMS,,NRT,ICN
2020-08-02,2020-08-02,10:50:00,13:35:00,2H45M,direct,448.70,EASTAR JET,,NRT,ICN
2020-08-02,2020-08-02,11:30:00,14:35:00,3H5M,direct,448.70,EASTAR JET,,NRT,ICN
2020-08-03,2020-08-03,20:30:00,23:35:00,3H5M,direct,300.90,HAHN AIR SYSTEMS,,NRT,ICN
2020-08-03,2020-08-03,12:00:00,14:40:00,2H40M,direct,381.30,HAHN AIR SYSTEMS,,NRT,ICN
2020-08-03,2020-08-03,18:45:00,21:30:00,2H45M,direct,428.30,HAHN AIR SYSTEMS,,NRT,ICN
2020-08-03,2020-08-03,10:50:00,13:35:00,2H45M,direct,448.70,EASTAR JET,,NRT,ICN
2020-08-03,2020-08-03,18:30:00,21:15:00,2H45M,direct,448.70,EASTAR JET,,NRT,ICN
2020-08-04,2020-08-04,20:30:00,23:35:00,3H5M,direct,300.90,HAHN AIR SYSTEMS,,NRT,ICN
2020-08-04,2020-08-04,12:00:00,14:40:00,2H40M,direct,381.30,HAHN AIR SYSTEMS,,NRT,ICN
2020-08-04,2020-08-04,19:40:00,22:40:00,3H,direct,381.30,HAHN AIR SYSTEMS,,NRT,ICN
2020-08-04,2020-08-04,10:50:00,13:35:00,2H45M,direct,448.70,EASTAR JET,,NRT,ICN
2020-08-04,2020-08-04,18:30:00,21:15:00,2H45M,direct,448.70,EASTAR JET,,NRT,ICN
2020-08-05,2020-08-05,20:30:00,23:35:00,3H5M,direct,300.90,HAHN AIR SYSTEMS,,NRT,ICN
2020-08-05,2020-08-05,11:55:00,14:40:00,2H45M,direct,381.30,HAHN AIR SYSTEMS,,NRT,ICN
2020-08-05,2020-08-05,19:40:00,22:40:00,3H,direct,381.30,HAHN AIR SYSTEMS,,NRT,ICN
2020-08-05,2020-08-05,10:50:00,13:35:00,2H45M,direct,448.70,EASTAR JET,,NRT,ICN
2020-08-05,2020-08-05,18:30:00,21:15:00,2H45M,direct,448.70,EASTAR JET,,NRT,ICN
2020-08-06,2020-08-06,20:30:00,23:35:00,3H5M,direct,300.90,HAHN AIR SYSTEMS,,NRT,ICN
2020-08-06,2020-08-06,12:00:00,14:40:00,2H40M,direct,381.30,HAHN AIR SYSTEMS,,NRT,ICN
2020-08-06,2020-08-06,19:40:00,22:40:00,3H,direct,381.30,HAHN AIR SYSTEMS,,NRT,ICN
2020-08-06,2020-08-06,10:50:00,13:35:00,2H45M,direct,448.70,EASTAR JET,,NRT,ICN
2020-08-06,2020-08-06,18:30:00,21:15:00,2H45M,direct,448.70,EASTAR JET,,NRT,ICN
2020-08-07,2020-08-07,20:30:00,23:35:00,3H5M,direct,300.90,HAHN AIR SYSTEMS,,NRT,ICN
2020-08-07,2020-08-07,10:50:00,13:35:00,2H45M,direct,448.70,EASTAR JET,,NRT,ICN
2020-08-07,2020-08-07,11:30:00,14:35:00,3H5M,direct,448.70,EASTAR JET,,NRT,ICN
2020-08-07,2020-08-07,18:30:00,21:15:00,2H45M,direct,448.70,EASTAR JET,,NRT,ICN
2020-08-07,2020-08-07,19:25:00,22:05:00,2H40M,direct,668.30,ASIANA AIRLINES,,NRT,ICN
2020-08-08,2020-08-08,20:30:00,23:35:00,3H5M,direct,300.90,HAHN AIR SYSTEMS,,NRT,ICN
2020-08-08,2020-08-08,18:30:00,21:15:00,2H45M,direct,517.70,EASTAR JET,,NRT,ICN
2020-08-08,2020-08-08,10:50:00,13:35:00,2H45M,direct,564.70,EASTAR JET,,NRT,ICN
2020-08-08,2020-08-08,11:30:00,14:35:00,3H5M,direct,564.70,EASTAR JET,,NRT,ICN
2020-08-08,2020-08-08,19:25:00,22:05:00,2H40M,direct,668.30,ASIANA AIRLINES,,NRT,ICN
2020-08-09,2020-08-09,20:30:00,23:35:00,3H5M,direct,300.90,HAHN AIR SYSTEMS,,NRT,ICN
2020-08-09,2020-08-09,19:40:00,22:40:00,3H,direct,381.30,HAHN AIR SYSTEMS,,NRT,ICN
2020-08-09,2020-08-09,10:50:00,13:35:00,2H45M,direct,517.70,EASTAR JET,,NRT,ICN
2020-08-09,2020-08-09,18:30:00,21:15:00,2H45M,direct,517.70,EASTAR JET,,NRT,ICN
2020-08-09,2020-08-09,11:30:00,14:35:00,3H5M,direct,517.70,EASTAR JET,,NRT,ICN
2020-08-10,2020-08-10,20:30:00,23:35:00,3H5M,direct,300.90,HAHN AIR SYSTEMS,,NRT,ICN
2020-08-10,2020-08-10,18:30:00,21:15:00,2H45M,direct,470.70,EASTAR JET,,NRT,ICN
2020-08-10,2020-08-10,11:30:00,14:35:00,3H5M,direct,470.70,EASTAR JET,,NRT,ICN
2020-08-10,2020-08-10,10:50:00,13:35:00,2H45M,direct,517.70,EASTAR JET,,NRT,ICN
2020-08-10,2020-08-10,13:20:00,15:50:00,2H30M,direct,584.30,ASIANA AIRLINES,,NRT,ICN
2020-08-01,2020-08-01,16:10:00,21:30:00,6H20M,direct,942.20,ASIANA AIRLINES,,ICN,SIN
2020-08-01,2020-08-02,19:00:00,01:30:00,7H30M,direct,942.20,ASIANA AIRLINES,,ICN,SIN
2020-08-01,2020-08-01,14:45:00,19:55:00,6H10M,direct,1092.20,KOREAN AIR,,ICN,SIN
2020-08-01,2020-08-01,18:40:00,23:50:00,6H10M,direct,1092.20,KOREAN AIR,,ICN,SIN
2020-08-01,2020-08-02,23:30:00,05:00:00,6H30M,direct,1092.20,KOREAN AIR,,ICN,SIN
2020-08-02,2020-08-02,16:10:00,21:30:00,6H20M,direct,942.20,ASIANA AIRLINES,,ICN,SIN
2020-08-02,2020-08-03,19:30:00,01:30:00,7H,direct,942.20,ASIANA AIRLINES,,ICN,SIN
2020-08-02,2020-08-02,14:45:00,19:55:00,6H10M,direct,1092.20,KOREAN AIR,,ICN,SIN
2020-08-02,2020-08-02,18:40:00,23:50:00,6H10M,direct,1092.20,KOREAN AIR,,ICN,SIN
2020-08-02,2020-08-03,23:30:00,05:00:00,6H30M,direct,1092.20,KOREAN AIR,,ICN,SIN
2020-08-03,2020-08-03,16:10:00,21:30:00,6H20M,direct,942.20,ASIANA AIRLINES,,ICN,SIN
2020-08-03,2020-08-04,19:00:00,01:30:00,7H30M,direct,942.20,ASIANA AIRLINES,,ICN,SIN
2020-08-03,2020-08-03,14:45:00,19:55:00,6H10M,direct,1092.20,KOREAN AIR,,ICN,SIN
2020-08-03,2020-08-03,18:40:00,23:50:00,6H10M,direct,1092.20,KOREAN AIR,,ICN,SIN
2020-08-03,2020-08-03,16:45:00,22:00:00,6H15M,direct,1227.20,ASIANA AIRLINES,,ICN,SIN
2020-08-04,2020-08-04,16:10:00,21:30:00,6H20M,direct,942.20,ASIANA AIRLINES,,ICN,SIN
2020-08-04,2020-08-05,19:00:00,01:30:00,7H30M,direct,942.20,ASIANA AIRLINES,,ICN,SIN
2020-08-04,2020-08-04,14:45:00,19:55:00,6H10M,direct,1092.20,KOREAN AIR,,ICN,SIN
2020-08-04,2020-08-04,18:40:00,23:50:00,6H10M,direct,1092.20,KOREAN AIR,,ICN,SIN
2020-08-04,2020-08-04,16:45:00,22:00:00,6H15M,direct,1227.20,ASIANA AIRLINES,,ICN,SIN
2020-08-05,2020-08-05,16:10:00,21:30:00,6H20M,direct,942.20,ASIANA AIRLINES,,ICN,SIN
2020-08-05,2020-08-06,19:30:00,01:30:00,7H,direct,942.20,ASIANA AIRLINES,,ICN,SIN
2020-08-05,2020-08-05,14:45:00,19:55:00,6H10M,direct,1092.20,KOREAN AIR,,ICN,SIN
2020-08-05,2020-08-05,18:40:00,23:50:00,6H10M,direct,1092.20,KOREAN AIR,,ICN,SIN
2020-08-05,2020-08-06,23:30:00,05:00:00,6H30M,direct,1092.20,KOREAN AIR,,ICN,SIN
2020-08-06,2020-08-06,16:10:00,21:30:00,6H20M,direct,942.20,ASIANA AIRLINES,,ICN,SIN
2020-08-06,2020-08-07,19:00:00,01:30:00,7H30M,direct,942.20,ASIANA AIRLINES,,ICN,SIN
2020-08-06,2020-08-06,14:45:00,19:55:00,6H10M,direct,1092.20,KOREAN AIR,,ICN,SIN
2020-08-06,2020-08-06,18:40:00,23:50:00,6H10M,direct,1092.20,KOREAN AIR,,ICN,SIN
2020-08-06,2020-08-07,23:30:00,05:00:00,6H30M,direct,1092.20,KOREAN AIR,,ICN,SIN
2020-08-07,2020-08-07,16:10:00,21:30:00,6H20M,direct,942.20,ASIANA AIRLINES,,ICN,SIN
2020-08-07,2020-08-08,19:30:00,01:30:00,7H,direct,942.20,ASIANA AIRLINES,,ICN,SIN
2020-08-07,2020-08-07,14:45:00,19:55:00,6H10M,direct,1092.20,KOREAN AIR,,ICN,SIN
2020-08-07,2020-08-07,18:40:00,23:50:00,6H10M,direct,1092.20,KOREAN AIR,,ICN,SIN
2020-08-07,2020-08-07,16:45:00,22:00:00,6H15M,direct,1227.20,ASIANA AIRLINES,,ICN,SIN
2020-08-08,2020-08-08,16:10:00,21:30:00,6H20M,direct,942.20,ASIANA AIRLINES,,ICN,SIN
2020-08-08,2020-08-09,19:00:00,01:30:00,7H30M,direct,942.20,ASIANA AIRLINES,,ICN,SIN
2020-08-08,2020-08-08,14:45:00,19:55:00,6H10M,direct,1092.20,KOREAN AIR,,ICN,SIN
2020-08-08,2020-08-08,18:40:00,23:50:00,6H10M,direct,1092.20,KOREAN AIR,,ICN,SIN
2020-08-08,2020-08-09,23:30:00,05:00:00,6H30M,direct,1092.20,KOREAN AIR,,ICN,SIN
2020-08-09,2020-08-09,16:10:00,21:30:00,6H20M,direct,942.20,ASIANA AIRLINES,,ICN,SIN
2020-08-09,2020-08-10,19:30:00,01:30:00,7H,direct,942.20,ASIANA AIRLINES,,ICN,SIN
2020-08-09,2020-08-09,14:45:00,19:55:00,6H10M,direct,1092.20,KOREAN AIR,,ICN,SIN
2020-08-09,2020-08-09,18:40:00,23:50:00,6H10M,direct,1092.20,KOREAN AIR,,ICN,SIN
2020-08-09,2020-08-10,23:30:00,05:00:00,6H30M,direct,1092.20,KOREAN AIR,,ICN,SIN
2020-08-10,2020-08-10,16:10:00,21:30:00,6H20M,direct,942.20,ASIANA AIRLINES,,ICN,SIN
2020-08-10,2020-08-11,19:00:00,01:30:00,7H30M,direct,942.20,ASIANA AIRLINES,,ICN,SIN
2020-08-10,2020-08-10,14:45:00,19:55:00,6H10M,direct,1092.20,KOREAN AIR,,ICN,SIN
2020-08-10,2020-08-10,18:40:00,23:50:00,6H10M,direct,1092.20,KOREAN AIR,,ICN,SIN
2020-08-10,2020-08-10,16:45:00,22:00:00,6H15M,direct,1227.20,ASIANA AIRLINES,,ICN,SIN
2020-08-01,2020-08-01,20:05:00,23:59:00,5H54M,direct,671.80,HAHN AIR SYSTEMS,,ICN,BKK
2020-08-01,2020-08-01,17:30:00,21:20:00,5H50M,direct,691.80,EASTAR JET,,ICN,BKK
2020-08-01,2020-08-02,20:25:00,00:25:00,6H,direct,727.00,HAHN AIR SYSTEMS,,ICN,BKK
2020-08-01,2020-08-01,06:30:00,10:40:00,6H10M,direct,875.80,HAHN AIR SYSTEMS,,ICN,BKK
2020-08-01,2020-08-01,19:30:00,23:10:00,5H40M,direct,925.80,ASIANA AIRLINES,,ICN,BKK
2020-08-02,2020-08-02,17:30:00,21:20:00,5H50M,direct,614.80,EASTAR JET,,ICN,BKK
2020-08-02,2020-08-02,20:05:00,23:59:00,5H54M,direct,671.80,HAHN AIR SYSTEMS,,ICN,BKK
2020-08-02,2020-08-03,20:25:00,00:25:00,6H,direct,727.00,HAHN AIR SYSTEMS,,ICN,BKK
2020-08-02,2020-08-02,09:35:00,13:25:00,5H50M,direct,846.20,THAI AIRWAYS INTERNATIONAL,,ICN,BKK
2020-08-02,2020-08-02,10:20:00,14:10:00,5H50M,direct,846.20,THAI AIRWAYS INTERNATIONAL,,ICN,BKK
2020-08-03,2020-08-03,20:05:00,23:59:00,5H54M,direct,531.80,HAHN AIR SYSTEMS,,ICN,BKK
2020-08-03,2020-08-03,17:30:00,21:20:00,5H50M,direct,614.80,EASTAR JET,,ICN,BKK
2020-08-03,2020-08-04,20:25:00,00:25:00,6H,direct,727.00,HAHN AIR SYSTEMS,,ICN,BKK
2020-08-03,2020-08-03,09:35:00,13:25:00,5H50M,direct,846.20,THAI AIRWAYS INTERNATIONAL,,ICN,BKK
2020-08-03,2020-08-03,10:20:00,14:10:00,5H50M,direct,846.20,THAI AIRWAYS INTERNATIONAL,,ICN,BKK
2020-08-04,2020-08-04,20:05:00,23:59:00,5H54M,direct,531.80,HAHN AIR SYSTEMS,,ICN,BKK
2020-08-04,2020-08-05,20:25:00,00:25:00,6H,direct,727.00,HAHN AIR SYSTEMS,,ICN,BKK
2020-08-04,2020-08-04,09:35:00,13:25:00,5H50M,direct,846.20,THAI AIRWAYS INTERNATIONAL,,ICN,BKK
2020-08-04,2020-08-04,10:20:00,14:10:00,5H50M,direct,846.20,THAI AIRWAYS INTERNATIONAL,,ICN,BKK
2020-08-04,2020-08-04,11:20:00,15:10:00,5H50M,direct,846.20,THAI AIRWAYS INTERNATIONAL,,ICN,BKK
2020-08-05,2020-08-05,20:05:00,23:59:00,5H54M,direct,570.80,HAHN AIR SYSTEMS,,ICN,BKK
2020-08-05,2020-08-05,17:30:00,21:20:00,5H50M,direct,614.80,EASTAR JET,,ICN,BKK
2020-08-05,2020-08-05,06:30:00,10:40:00,6H10M,direct,671.80,HAHN AIR SYSTEMS,,ICN,BKK
2020-08-05,2020-08-06,20:25:00,00:25:00,6H,direct,727.00,HAHN AIR SYSTEMS,,ICN,BKK
2020-08-05,2020-08-05,10:20:00,14:10:00,5H50M,direct,846.20,THAI AIRWAYS INTERNATIONAL,,ICN,BKK
2020-08-06,2020-08-06,17:30:00,21:20:00,5H50M,direct,500.80,EASTAR JET,,ICN,BKK
2020-08-06,2020-08-06,20:05:00,23:59:00,5H54M,direct,531.80,HAHN AIR SYSTEMS,,ICN,BKK
2020-08-06,2020-08-06,06:30:00,10:40:00,6H10M,direct,671.80,HAHN AIR SYSTEMS,,ICN,BKK
2020-08-06,2020-08-07,20:25:00,00:25:00,6H,direct,727.00,HAHN AIR SYSTEMS,,ICN,BKK
2020-08-06,2020-08-06,09:35:00,13:25:00,5H50M,direct,846.20,THAI AIRWAYS INTERNATIONAL,,ICN,BKK
2020-08-07,2020-08-07,17:30:00,21:20:00,5H50M,direct,500.80,EASTAR JET,,ICN,BKK
2020-08-07,2020-08-07,20:05:00,23:59:00,5H54M,direct,570.80,HAHN AIR SYSTEMS,,ICN,BKK
2020-08-07,2020-08-07,06:30:00,10:40:00,6H10M,direct,671.80,HAHN AIR SYSTEMS,,ICN,BKK
2020-08-07,2020-08-08,20:25:00,00:25:00,6H,direct,727.00,HAHN AIR SYSTEMS,,ICN,BKK
2020-08-07,2020-08-07,10:20:00,14:10:00,5H50M,direct,905.20,THAI AIRWAYS INTERNATIONAL,,ICN,BKK
2020-08-08,2020-08-08,17:30:00,21:20:00,5H50M,direct,500.80,EASTAR JET,,ICN,BKK
2020-08-08,2020-08-08,20:05:00,23:59:00,5H54M,direct,531.80,HAHN AIR SYSTEMS,,ICN,BKK
2020-08-08,2020-08-09,20:25:00,00:25:00,6H,direct,564.00,HAHN AIR SYSTEMS,,ICN,BKK
2020-08-08,2020-08-08,06:30:00,10:40:00,6H10M,direct,671.80,HAHN AIR SYSTEMS,,ICN,BKK
2020-08-08,2020-08-08,09:35:00,13:25:00,5H50M,direct,905.20,THAI AIRWAYS INTERNATIONAL,,ICN,BKK
2020-08-09,2020-08-09,06:30:00,10:40:00,6H10M,direct,428.80,HAHN AIR SYSTEMS,,ICN,BKK
2020-08-09,2020-08-10,20:25:00,00:25:00,6H,direct,482.00,HAHN AIR SYSTEMS,,ICN,BKK
2020-08-09,2020-08-09,17:30:00,21:20:00,5H50M,direct,500.80,EASTAR JET,,ICN,BKK
2020-08-09,2020-08-09,20:05:00,23:59:00,5H54M,direct,531.80,HAHN AIR SYSTEMS,,ICN,BKK
2020-08-09,2020-08-09,09:35:00,13:25:00,5H50M,direct,846.20,THAI AIRWAYS INTERNATIONAL,,ICN,BKK
2020-08-10,2020-08-10,06:30:00,10:40:00,6H10M,direct,428.80,HAHN AIR SYSTEMS,,ICN,BKK
2020-08-10,2020-08-11,20:25:00,00:25:00,6H,direct,482.00,HAHN AIR SYSTEMS,,ICN,BKK
2020-08-10,2020-08-10,17:30:00,21:20:00,5H50M,direct,500.80,EASTAR JET,,ICN,BKK
2020-08-10,2020-08-10,20:05:00,23:59:00,5H54M,direct,531.80,HAHN AIR SYSTEMS,,ICN,BKK
2020-08-10,2020-08-10,09:35:00,13:25:00,5H50M,direct,846.20,THAI AIRWAYS INTERNATIONAL,,ICN,BKK
2020-08-01,2020-08-01,12:35:00,14:10:00,2H35M,direct,396.20,CHINA AIRLINES LTD.,,ICN,TPE
2020-08-01,2020-08-01,20:45:00,22:25:00,2H40M,direct,396.20,CHINA AIRLINES LTD.,,ICN,TPE
2020-08-01,2020-08-01,17:40:00,19:25:00,2H45M,direct,396.20,CHINA AIRLINES LTD.,,ICN,TPE
2020-08-01,2020-08-01,10:00:00,11:30:00,2H30M,direct,575.20,ASIANA AIRLINES,,ICN,TPE
2020-08-01,2020-08-01,13:50:00,15:30:00,2H40M,direct,575.20,ASIANA AIRLINES,,ICN,TPE
2020-08-02,2020-08-03,22:50:00,00:30:00,2H40M,direct,379.60,SCOOT,,ICN,TPE
2020-08-02,2020-08-02,12:35:00,14:10:00,2H35M,direct,396.20,CHINA AIRLINES LTD.,,ICN,TPE
2020-08-02,2020-08-02,21:55:00,23:35:00,2H40M,direct,396.20,CHINA AIRLINES LTD.,,ICN,TPE
2020-08-02,2020-08-02,08:05:00,09:30:00,2H25M,direct,484.20,EASTAR JET,,ICN,TPE
2020-08-02,2020-08-02,10:00:00,11:30:00,2H30M,direct,575.20,ASIANA AIRLINES,,ICN,TPE
2020-08-03,2020-08-04,22:55:00,00:30:00,2H35M,direct,379.60,SCOOT,,ICN,TPE
2020-08-03,2020-08-03,12:35:00,14:10:00,2H35M,direct,396.20,CHINA AIRLINES LTD.,,ICN,TPE
2020-08-03,2020-08-03,20:45:00,22:25:00,2H40M,direct,396.20,CHINA AIRLINES LTD.,,ICN,TPE
2020-08-03,2020-08-03,08:05:00,09:30:00,2H25M,direct,459.20,EASTAR JET,,ICN,TPE
2020-08-03,2020-08-03,10:00:00,11:30:00,2H30M,direct,575.20,ASIANA AIRLINES,,ICN,TPE
2020-08-04,2020-08-04,12:35:00,14:10:00,2H35M,direct,396.20,CHINA AIRLINES LTD.,,ICN,TPE
2020-08-04,2020-08-04,20:45:00,22:25:00,2H40M,direct,396.20,CHINA AIRLINES LTD.,,ICN,TPE
2020-08-04,2020-08-04,09:05:00,10:50:00,2H45M,direct,421.20,HAHN AIR SYSTEMS,,ICN,TPE
2020-08-04,2020-08-04,10:00:00,11:30:00,2H30M,direct,575.20,ASIANA AIRLINES,,ICN,TPE
2020-08-04,2020-08-04,13:50:00,15:30:00,2H40M,direct,575.20,ASIANA AIRLINES,,ICN,TPE
2020-08-05,2020-08-06,22:50:00,00:30:00,2H40M,direct,379.60,SCOOT,,ICN,TPE
2020-08-05,2020-08-05,12:35:00,14:10:00,2H35M,direct,396.20,CHINA AIRLINES LTD.,,ICN,TPE
2020-08-05,2020-08-05,21:55:00,23:35:00,2H40M,direct,396.20,CHINA AIRLINES LTD.,,ICN,TPE
2020-08-05,2020-08-05,17:40:00,19:25:00,2H45M,direct,396.20,CHINA AIRLINES LTD.,,ICN,TPE
2020-08-05,2020-08-05,09:05:00,10:50:00,2H45M,direct,421.20,HAHN AIR SYSTEMS,,ICN,TPE
2020-08-06,2020-08-06,12:35:00,14:10:00,2H35M,direct,396.20,CHINA AIRLINES LTD.,,ICN,TPE
2020-08-06,2020-08-06,21:55:00,23:35:00,2H40M,direct,396.20,CHINA AIRLINES LTD.,,ICN,TPE
2020-08-06,2020-08-06,09:05:00,10:50:00,2H45M,direct,421.20,HAHN AIR SYSTEMS,,ICN,TPE
2020-08-06,2020-08-06,10:00:00,11:30:00,2H30M,direct,575.20,ASIANA AIRLINES,,ICN,TPE
2020-08-06,2020-08-06,13:50:00,15:30:00,2H40M,direct,575.20,ASIANA AIRLINES,,ICN,TPE
2020-08-07,2020-08-07,12:35:00,14:10:00,2H35M,direct,396.20,CHINA AIRLINES LTD.,,ICN,TPE
2020-08-07,2020-08-07,20:45:00,22:25:00,2H40M,direct,396.20,CHINA AIRLINES LTD.,,ICN,TPE
2020-08-07,2020-08-07,09:05:00,10:50:00,2H45M,direct,421.20,HAHN AIR SYSTEMS,,ICN,TPE
2020-08-07,2020-08-08,22:50:00,00:30:00,2H40M,direct,425.60,SCOOT,,ICN,TPE
2020-08-07,2020-08-07,08:05:00,09:30:00,2H25M,direct,484.20,EASTAR JET,,ICN,TPE
2020-08-08,2020-08-08,12:35:00,14:10:00,2H35M,direct,396.20,CHINA AIRLINES LTD.,,ICN,TPE
2020-08-08,2020-08-08,20:45:00,22:25:00,2H40M,direct,396.20,CHINA AIRLINES LTD.,,ICN,TPE
2020-08-08,2020-08-08,17:40:00,19:25:00,2H45M,direct,396.20,CHINA AIRLINES LTD.,,ICN,TPE
2020-08-08,2020-08-08,09:05:00,10:50:00,2H45M,direct,421.20,HAHN AIR SYSTEMS,,ICN,TPE
2020-08-08,2020-08-08,10:00:00,11:30:00,2H30M,direct,575.20,ASIANA AIRLINES,,ICN,TPE
2020-08-09,2020-08-10,22:50:00,00:30:00,2H40M,direct,379.60,SCOOT,,ICN,TPE
2020-08-09,2020-08-09,12:35:00,14:10:00,2H35M,direct,396.20,CHINA AIRLINES LTD.,,ICN,TPE
2020-08-09,2020-08-09,21:55:00,23:35:00,2H40M,direct,396.20,CHINA AIRLINES LTD.,,ICN,TPE
2020-08-09,2020-08-09,09:05:00,10:50:00,2H45M,direct,421.20,HAHN AIR SYSTEMS,,ICN,TPE
2020-08-09,2020-08-09,08:05:00,09:30:00,2H25M,direct,459.20,EASTAR JET,,ICN,TPE
2020-08-10,2020-08-11,22:55:00,00:30:00,2H35M,direct,379.60,SCOOT,,ICN,TPE
2020-08-10,2020-08-10,12:35:00,14:10:00,2H35M,direct,396.20,CHINA AIRLINES LTD.,,ICN,TPE
2020-08-10,2020-08-10,20:45:00,22:25:00,2H40M,direct,396.20,CHINA AIRLINES LTD.,,ICN,TPE
2020-08-10,2020-08-10,09:05:00,10:50:00,2H45M,direct,421.20,HAHN AIR SYSTEMS,,ICN,TPE
2020-08-10,2020-08-10,08:05:00,09:30:00,2H25M,direct,459.20,EASTAR JET,,ICN,TPE
2020-08-01,2020-08-01,05:55:00,08:35:00,2H40M,direct,291.20,HAHN AIR SYSTEMS,,ICN,NRT
2020-08-01,2020-08-01,15:15:00,17:35:00,2H20M,direct,326.80,HAHN AIR SYSTEMS,,ICN,NRT
2020-08-01,2020-08-01,07:45:00,10:15:00,2H30M,direct,367.80,HAHN AIR SYSTEMS,,ICN,NRT
2020-08-01,2020-08-01,15:10:00,17:30:00,2H20M,direct,403.20,EASTAR JET,,ICN,NRT
2020-08-01,2020-08-01,08:00:00,10:30:00,2H30M,direct,403.20,EASTAR JET,,ICN,NRT
2020-08-02,2020-08-02,05:55:00,08:35:00,2H40M,direct,291.20,HAHN AIR SYSTEMS,,ICN,NRT
2020-08-02,2020-08-02,15:00:00,16:55:00,1H55M,direct,326.80,HAHN AIR SYSTEMS,,ICN,NRT
2020-08-02,2020-08-02,07:45:00,10:15:00,2H30M,direct,326.80,HAHN AIR SYSTEMS,,ICN,NRT
2020-08-02,2020-08-02,15:10:00,17:30:00,2H20M,direct,403.20,EASTAR JET,,ICN,NRT
2020-08-02,2020-08-02,08:00:00,10:30:00,2H30M,direct,403.20,EASTAR JET,,ICN,NRT
2020-08-03,2020-08-03,05:55:00,08:35:00,2H40M,direct,291.20,HAHN AIR SYSTEMS,,ICN,NRT
2020-08-03,2020-08-03,07:45:00,10:15:00,2H30M,direct,326.80,HAHN AIR SYSTEMS,,ICN,NRT
2020-08-03,2020-08-03,15:00:00,17:35:00,2H35M,direct,367.80,HAHN AIR SYSTEMS,,ICN,NRT
2020-08-03,2020-08-03,15:10:00,17:30:00,2H20M,direct,403.20,EASTAR JET,,ICN,NRT
2020-08-03,2020-08-03,08:00:00,10:30:00,2H30M,direct,403.20,EASTAR JET,,ICN,NRT
2020-08-04,2020-08-04,05:55:00,08:35:00,2H40M,direct,291.20,HAHN AIR SYSTEMS,,ICN,NRT
2020-08-04,2020-08-04,07:45:00,10:15:00,2H30M,direct,326.80,HAHN AIR SYSTEMS,,ICN,NRT
2020-08-04,2020-08-04,15:00:00,17:35:00,2H35M,direct,326.80,HAHN AIR SYSTEMS,,ICN,NRT
2020-08-04,2020-08-04,15:10:00,17:30:00,2H20M,direct,403.20,EASTAR JET,,ICN,NRT
2020-08-04,2020-08-04,08:00:00,10:30:00,2H30M,direct,403.20,EASTAR JET,,ICN,NRT
2020-08-05,2020-08-05,05:55:00,08:35:00,2H40M,direct,291.20,HAHN AIR SYSTEMS,,ICN,NRT
2020-08-05,2020-08-05,07:45:00,10:15:00,2H30M,direct,326.80,HAHN AIR SYSTEMS,,ICN,NRT
2020-08-05,2020-08-05,15:00:00,17:35:00,2H35M,direct,326.80,HAHN AIR SYSTEMS,,ICN,NRT
2020-08-05,2020-08-05,15:10:00,17:30:00,2H20M,direct,403.20,EASTAR JET,,ICN,NRT
2020-08-05,2020-08-05,08:00:00,10:30:00,2H30M,direct,403.20,EASTAR JET,,ICN,NRT
2020-08-06,2020-08-06,05:55:00,08:35:00,2H40M,direct,291.20,HAHN AIR SYSTEMS,,ICN,NRT
2020-08-06,2020-08-06,07:45:00,10:15:00,2H30M,direct,326.80,HAHN AIR SYSTEMS,,ICN,NRT
2020-08-06,2020-08-06,15:00:00,17:35:00,2H35M,direct,326.80,HAHN AIR SYSTEMS,,ICN,NRT
2020-08-06,2020-08-06,15:10:00,17:30:00,2H20M,direct,403.20,EASTAR JET,,ICN,NRT
2020-08-06,2020-08-06,08:00:00,10:30:00,2H30M,direct,403.20,EASTAR JET,,ICN,NRT
2020-08-07,2020-08-07,05:55:00,08:35:00,2H40M,direct,291.20,HAHN AIR SYSTEMS,,ICN,NRT
2020-08-07,2020-08-07,15:00:00,17:35:00,2H35M,direct,326.80,HAHN AIR SYSTEMS,,ICN,NRT
2020-08-07,2020-08-07,07:45:00,10:15:00,2H30M,direct,367.80,HAHN AIR SYSTEMS,,ICN,NRT
2020-08-07,2020-08-07,15:10:00,17:30:00,2H20M,direct,403.20,EASTAR JET,,ICN,NRT
2020-08-07,2020-08-07,07:05:00,09:50:00,2H45M,direct,403.20,EASTAR JET,,ICN,NRT
2020-08-08,2020-08-08,05:55:00,08:35:00,2H40M,direct,291.20,HAHN AIR SYSTEMS,,ICN,NRT
2020-08-08,2020-08-08,15:15:00,17:35:00,2H20M,direct,326.80,HAHN AIR SYSTEMS,,ICN,NRT
2020-08-08,2020-08-08,07:45:00,10:15:00,2H30M,direct,367.80,HAHN AIR SYSTEMS,,ICN,NRT
2020-08-08,2020-08-08,15:10:00,17:30:00,2H20M,direct,403.20,EASTAR JET,,ICN,NRT
2020-08-08,2020-08-08,08:00:00,10:30:00,2H30M,direct,403.20,EASTAR JET,,ICN,NRT
2020-08-09,2020-08-09,05:55:00,08:35:00,2H40M,direct,291.20,HAHN AIR SYSTEMS,,ICN,NRT
2020-08-09,2020-08-09,15:00:00,16:55:00,1H55M,direct,326.80,HAHN AIR SYSTEMS,,ICN,NRT
2020-08-09,2020-08-09,07:45:00,10:15:00,2H30M,direct,326.80,HAHN AIR SYSTEMS,,ICN,NRT
2020-08-09,2020-08-09,15:10:00,17:30:00,2H20M,direct,403.20,EASTAR JET,,ICN,NRT
2020-08-09,2020-08-09,08:00:00,10:30:00,2H30M,direct,403.20,EASTAR JET,,ICN,NRT
2020-08-10,2020-08-10,05:55:00,08:35:00,2H40M,direct,291.20,HAHN AIR SYSTEMS,,ICN,NRT
2020-08-10,2020-08-10,15:10:00,17:30:00,2H20M,direct,403.20,EASTAR JET,,ICN,NRT
2020-08-10,2020-08-10,08:00:00,10:30:00,2H30M,direct,403.20,EASTAR JET,,ICN,NRT
2020-08-10,2020-08-10,07:05:00,09:50:00,2H45M,direct,403.20,EASTAR JET,,ICN,NRT
2020-08-10,2020-08-10,21:10:00,23:30:00,2H20M,direct,473.20,ASIANA AIRLINES,,ICN,HND
